<annotation>
	<folder>drill</folder>
	<filename>10439806736_dfa78207b4_z.jpg</filename>
	<path>C:\Users\rapha\Desktop\projetoTcc\drill\10439806736_dfa78207b4_z.jpg</path>
	<source>
		<database>Unknown</database>
	</source>
	<size>
		<width>639</width>
		<height>425</height>
		<depth>3</depth>
	</size>
	<segmented>0</segmented>
	<object>
		<name>furadeira</name>
		<pose>Unspecified</pose>
		<truncated>0</truncated>
		<difficult>0</difficult>
		<bndbox>
			<xmin>103</xmin>
			<ymin>23</ymin>
			<xmax>626</xmax>
			<ymax>381</ymax>
		</bndbox>
	</object>
</annotation>
