<annotation>
	<folder>drill</folder>
	<filename>11160845724_4b41ae2850_z.jpg</filename>
	<path>C:\Users\rapha\Desktop\projetoTcc\drill\11160845724_4b41ae2850_z.jpg</path>
	<source>
		<database>Unknown</database>
	</source>
	<size>
		<width>640</width>
		<height>480</height>
		<depth>3</depth>
	</size>
	<segmented>0</segmented>
	<object>
		<name>furadeira</name>
		<pose>Unspecified</pose>
		<truncated>0</truncated>
		<difficult>0</difficult>
		<bndbox>
			<xmin>262</xmin>
			<ymin>48</ymin>
			<xmax>459</xmax>
			<ymax>466</ymax>
		</bndbox>
	</object>
</annotation>
