<annotation>
	<folder>drill</folder>
	<filename>1126280440_bcd4b19922_z.jpg</filename>
	<path>C:\Users\rapha\Desktop\projetoTcc\drill\1126280440_bcd4b19922_z.jpg</path>
	<source>
		<database>Unknown</database>
	</source>
	<size>
		<width>640</width>
		<height>425</height>
		<depth>3</depth>
	</size>
	<segmented>0</segmented>
	<object>
		<name>furadeira</name>
		<pose>Unspecified</pose>
		<truncated>1</truncated>
		<difficult>0</difficult>
		<bndbox>
			<xmin>377</xmin>
			<ymin>342</ymin>
			<xmax>640</xmax>
			<ymax>424</ymax>
		</bndbox>
	</object>
</annotation>
