<annotation>
	<folder>drill</folder>
	<filename>11669779924_21b573358e_z.jpg</filename>
	<path>C:\Users\rapha\Desktop\projetoTcc\drill\11669779924_21b573358e_z.jpg</path>
	<source>
		<database>Unknown</database>
	</source>
	<size>
		<width>640</width>
		<height>427</height>
		<depth>3</depth>
	</size>
	<segmented>0</segmented>
	<object>
		<name>furadeira</name>
		<pose>Unspecified</pose>
		<truncated>1</truncated>
		<difficult>0</difficult>
		<bndbox>
			<xmin>236</xmin>
			<ymin>1</ymin>
			<xmax>386</xmax>
			<ymax>202</ymax>
		</bndbox>
	</object>
</annotation>
