<annotation>
	<folder>drill</folder>
	<filename>12101482533_ac769e3217_z.jpg</filename>
	<path>C:\Users\rapha\Desktop\projetoTcc\drill\12101482533_ac769e3217_z.jpg</path>
	<source>
		<database>Unknown</database>
	</source>
	<size>
		<width>600</width>
		<height>413</height>
		<depth>3</depth>
	</size>
	<segmented>0</segmented>
	<object>
		<name>furadeira</name>
		<pose>Unspecified</pose>
		<truncated>0</truncated>
		<difficult>0</difficult>
		<bndbox>
			<xmin>141</xmin>
			<ymin>61</ymin>
			<xmax>594</xmax>
			<ymax>400</ymax>
		</bndbox>
	</object>
</annotation>
