<annotation>
	<folder>drill</folder>
	<filename>12959982674_d05f2f72dc_z.jpg</filename>
	<path>C:\Users\rapha\Desktop\projetoTcc\drill\12959982674_d05f2f72dc_z.jpg</path>
	<source>
		<database>Unknown</database>
	</source>
	<size>
		<width>640</width>
		<height>480</height>
		<depth>3</depth>
	</size>
	<segmented>0</segmented>
	<object>
		<name>furadeira</name>
		<pose>Unspecified</pose>
		<truncated>1</truncated>
		<difficult>0</difficult>
		<bndbox>
			<xmin>186</xmin>
			<ymin>1</ymin>
			<xmax>461</xmax>
			<ymax>96</ymax>
		</bndbox>
	</object>
</annotation>
