<annotation>
	<folder>drill</folder>
	<filename>1323367033_bf327b9336_z.jpg</filename>
	<path>C:\Users\rapha\Desktop\projetoTcc\drill\1323367033_bf327b9336_z.jpg</path>
	<source>
		<database>Unknown</database>
	</source>
	<size>
		<width>640</width>
		<height>480</height>
		<depth>3</depth>
	</size>
	<segmented>0</segmented>
	<object>
		<name>furadeira</name>
		<pose>Unspecified</pose>
		<truncated>1</truncated>
		<difficult>0</difficult>
		<bndbox>
			<xmin>299</xmin>
			<ymin>1</ymin>
			<xmax>429</xmax>
			<ymax>352</ymax>
		</bndbox>
	</object>
</annotation>
