<annotation>
	<folder>drill</folder>
	<filename>13608166735_cf7c7c35db_z.jpg</filename>
	<path>C:\Users\rapha\Desktop\projetoTcc\drill\13608166735_cf7c7c35db_z.jpg</path>
	<source>
		<database>Unknown</database>
	</source>
	<size>
		<width>640</width>
		<height>426</height>
		<depth>3</depth>
	</size>
	<segmented>0</segmented>
	<object>
		<name>furadeira</name>
		<pose>Unspecified</pose>
		<truncated>0</truncated>
		<difficult>0</difficult>
		<bndbox>
			<xmin>3</xmin>
			<ymin>61</ymin>
			<xmax>283</xmax>
			<ymax>269</ymax>
		</bndbox>
	</object>
</annotation>
