<annotation>
	<folder>drill</folder>
	<filename>1388133800_e1977295f7_z.jpg</filename>
	<path>C:\Users\rapha\Desktop\projetoTcc\drill\1388133800_e1977295f7_z.jpg</path>
	<source>
		<database>Unknown</database>
	</source>
	<size>
		<width>640</width>
		<height>428</height>
		<depth>3</depth>
	</size>
	<segmented>0</segmented>
	<object>
		<name>furadeira</name>
		<pose>Unspecified</pose>
		<truncated>1</truncated>
		<difficult>0</difficult>
		<bndbox>
			<xmin>1</xmin>
			<ymin>210</ymin>
			<xmax>325</xmax>
			<ymax>286</ymax>
		</bndbox>
	</object>
</annotation>
