<annotation>
	<folder>drill</folder>
	<filename>14215779979_b69b9774f7_z.jpg</filename>
	<path>C:\Users\rapha\Desktop\projetoTcc\drill\14215779979_b69b9774f7_z.jpg</path>
	<source>
		<database>Unknown</database>
	</source>
	<size>
		<width>640</width>
		<height>425</height>
		<depth>3</depth>
	</size>
	<segmented>0</segmented>
	<object>
		<name>furadeira</name>
		<pose>Unspecified</pose>
		<truncated>0</truncated>
		<difficult>0</difficult>
		<bndbox>
			<xmin>155</xmin>
			<ymin>34</ymin>
			<xmax>527</xmax>
			<ymax>412</ymax>
		</bndbox>
	</object>
	<object>
		<name>furadeira</name>
		<pose>Unspecified</pose>
		<truncated>0</truncated>
		<difficult>0</difficult>
		<bndbox>
			<xmin>70</xmin>
			<ymin>64</ymin>
			<xmax>256</xmax>
			<ymax>303</ymax>
		</bndbox>
	</object>
</annotation>
