<annotation>
	<folder>drill</folder>
	<filename>14399092511_c0b1735c6a_z.jpg</filename>
	<path>C:\Users\rapha\Desktop\projetoTcc\drill\14399092511_c0b1735c6a_z.jpg</path>
	<source>
		<database>Unknown</database>
	</source>
	<size>
		<width>640</width>
		<height>425</height>
		<depth>3</depth>
	</size>
	<segmented>0</segmented>
	<object>
		<name>furadeira</name>
		<pose>Unspecified</pose>
		<truncated>1</truncated>
		<difficult>0</difficult>
		<bndbox>
			<xmin>181</xmin>
			<ymin>136</ymin>
			<xmax>512</xmax>
			<ymax>425</ymax>
		</bndbox>
	</object>
</annotation>
