<annotation>
	<folder>drill</folder>
	<filename>14591911895_b57467ee98_z.jpg</filename>
	<path>C:\Users\rapha\Desktop\projetoTcc\drill\14591911895_b57467ee98_z.jpg</path>
	<source>
		<database>Unknown</database>
	</source>
	<size>
		<width>640</width>
		<height>425</height>
		<depth>3</depth>
	</size>
	<segmented>0</segmented>
	<object>
		<name>furadeira</name>
		<pose>Unspecified</pose>
		<truncated>0</truncated>
		<difficult>0</difficult>
		<bndbox>
			<xmin>3</xmin>
			<ymin>73</ymin>
			<xmax>252</xmax>
			<ymax>320</ymax>
		</bndbox>
	</object>
</annotation>
