<annotation>
	<folder>drill</folder>
	<filename>14650620790_4766b6b373_z.jpg</filename>
	<path>C:\Users\rapha\Desktop\projetoTcc\drill\14650620790_4766b6b373_z.jpg</path>
	<source>
		<database>Unknown</database>
	</source>
	<size>
		<width>640</width>
		<height>438</height>
		<depth>3</depth>
	</size>
	<segmented>0</segmented>
	<object>
		<name>furadeira</name>
		<pose>Unspecified</pose>
		<truncated>0</truncated>
		<difficult>0</difficult>
		<bndbox>
			<xmin>245</xmin>
			<ymin>168</ymin>
			<xmax>350</xmax>
			<ymax>253</ymax>
		</bndbox>
	</object>
	<object>
		<name>furadeira</name>
		<pose>Unspecified</pose>
		<truncated>0</truncated>
		<difficult>0</difficult>
		<bndbox>
			<xmin>264</xmin>
			<ymin>247</ymin>
			<xmax>323</xmax>
			<ymax>302</ymax>
		</bndbox>
	</object>
</annotation>
