<annotation>
	<folder>drill</folder>
	<filename>15320648617_9fb0fba6bb_z.jpg</filename>
	<path>C:\Users\rapha\Desktop\projetoTcc\drill\15320648617_9fb0fba6bb_z.jpg</path>
	<source>
		<database>Unknown</database>
	</source>
	<size>
		<width>640</width>
		<height>427</height>
		<depth>3</depth>
	</size>
	<segmented>0</segmented>
	<object>
		<name>furadeira</name>
		<pose>Unspecified</pose>
		<truncated>1</truncated>
		<difficult>0</difficult>
		<bndbox>
			<xmin>275</xmin>
			<ymin>1</ymin>
			<xmax>370</xmax>
			<ymax>257</ymax>
		</bndbox>
	</object>
</annotation>
