<annotation>
	<folder>drill</folder>
	<filename>15430221851_bcb5977f43_z.jpg</filename>
	<path>C:\Users\rapha\Desktop\projetoTcc\drill\15430221851_bcb5977f43_z.jpg</path>
	<source>
		<database>Unknown</database>
	</source>
	<size>
		<width>360</width>
		<height>640</height>
		<depth>3</depth>
	</size>
	<segmented>0</segmented>
	<object>
		<name>furadeira</name>
		<pose>Unspecified</pose>
		<truncated>0</truncated>
		<difficult>0</difficult>
		<bndbox>
			<xmin>34</xmin>
			<ymin>44</ymin>
			<xmax>273</xmax>
			<ymax>379</ymax>
		</bndbox>
	</object>
</annotation>
