<annotation>
	<folder>drill</folder>
	<filename>16207744713_d41fbf05b6_z.jpg</filename>
	<path>C:\Users\rapha\Desktop\projetoTcc\drill\16207744713_d41fbf05b6_z.jpg</path>
	<source>
		<database>Unknown</database>
	</source>
	<size>
		<width>360</width>
		<height>640</height>
		<depth>3</depth>
	</size>
	<segmented>0</segmented>
	<object>
		<name>furadeira</name>
		<pose>Unspecified</pose>
		<truncated>0</truncated>
		<difficult>0</difficult>
		<bndbox>
			<xmin>169</xmin>
			<ymin>3</ymin>
			<xmax>321</xmax>
			<ymax>330</ymax>
		</bndbox>
	</object>
</annotation>
