<annotation>
	<folder>drill</folder>
	<filename>16258258739_d4ff6c8d1c_z.jpg</filename>
	<path>C:\Users\rapha\Desktop\projetoTcc\drill\16258258739_d4ff6c8d1c_z.jpg</path>
	<source>
		<database>Unknown</database>
	</source>
	<size>
		<width>425</width>
		<height>640</height>
		<depth>3</depth>
	</size>
	<segmented>0</segmented>
	<object>
		<name>furadeira</name>
		<pose>Unspecified</pose>
		<truncated>0</truncated>
		<difficult>0</difficult>
		<bndbox>
			<xmin>32</xmin>
			<ymin>4</ymin>
			<xmax>372</xmax>
			<ymax>270</ymax>
		</bndbox>
	</object>
</annotation>
