<annotation>
	<folder>drill</folder>
	<filename>16768659669_2c72922791_z.jpg</filename>
	<path>C:\Users\rapha\Desktop\projetoTcc\drill\16768659669_2c72922791_z.jpg</path>
	<source>
		<database>Unknown</database>
	</source>
	<size>
		<width>640</width>
		<height>480</height>
		<depth>3</depth>
	</size>
	<segmented>0</segmented>
	<object>
		<name>furadeira</name>
		<pose>Unspecified</pose>
		<truncated>0</truncated>
		<difficult>0</difficult>
		<bndbox>
			<xmin>270</xmin>
			<ymin>9</ymin>
			<xmax>352</xmax>
			<ymax>220</ymax>
		</bndbox>
	</object>
</annotation>
