<annotation>
	<folder>drill</folder>
	<filename>17082325756_23c92af372_z.jpg</filename>
	<path>C:\Users\rapha\Desktop\projetoTcc\drill\17082325756_23c92af372_z.jpg</path>
	<source>
		<database>Unknown</database>
	</source>
	<size>
		<width>640</width>
		<height>426</height>
		<depth>3</depth>
	</size>
	<segmented>0</segmented>
	<object>
		<name>furadeira</name>
		<pose>Unspecified</pose>
		<truncated>0</truncated>
		<difficult>0</difficult>
		<bndbox>
			<xmin>31</xmin>
			<ymin>80</ymin>
			<xmax>453</xmax>
			<ymax>331</ymax>
		</bndbox>
	</object>
</annotation>
