<annotation>
	<folder>drill</folder>
	<filename>17285745072_3e5ce1b7d9_z.jpg</filename>
	<path>C:\Users\rapha\Desktop\projetoTcc\drill\17285745072_3e5ce1b7d9_z.jpg</path>
	<source>
		<database>Unknown</database>
	</source>
	<size>
		<width>592</width>
		<height>379</height>
		<depth>3</depth>
	</size>
	<segmented>0</segmented>
	<object>
		<name>furadeira</name>
		<pose>Unspecified</pose>
		<truncated>0</truncated>
		<difficult>0</difficult>
		<bndbox>
			<xmin>244</xmin>
			<ymin>25</ymin>
			<xmax>481</xmax>
			<ymax>369</ymax>
		</bndbox>
	</object>
</annotation>
