<annotation>
	<folder>drill</folder>
	<filename>198074466_a30c9aa124_z.jpg</filename>
	<path>C:\Users\rapha\Desktop\projetoTcc\drill\198074466_a30c9aa124_z.jpg</path>
	<source>
		<database>Unknown</database>
	</source>
	<size>
		<width>640</width>
		<height>480</height>
		<depth>3</depth>
	</size>
	<segmented>0</segmented>
	<object>
		<name>furadeira</name>
		<pose>Unspecified</pose>
		<truncated>1</truncated>
		<difficult>0</difficult>
		<bndbox>
			<xmin>544</xmin>
			<ymin>291</ymin>
			<xmax>640</xmax>
			<ymax>409</ymax>
		</bndbox>
	</object>
</annotation>
