<annotation>
	<folder>drill</folder>
	<filename>20856483133_c70d315d11_z.jpg</filename>
	<path>C:\Users\rapha\Desktop\projetoTcc\drill\20856483133_c70d315d11_z.jpg</path>
	<source>
		<database>Unknown</database>
	</source>
	<size>
		<width>640</width>
		<height>478</height>
		<depth>3</depth>
	</size>
	<segmented>0</segmented>
	<object>
		<name>furadeira</name>
		<pose>Unspecified</pose>
		<truncated>0</truncated>
		<difficult>0</difficult>
		<bndbox>
			<xmin>235</xmin>
			<ymin>280</ymin>
			<xmax>384</xmax>
			<ymax>381</ymax>
		</bndbox>
	</object>
</annotation>
