<annotation>
	<folder>drill</folder>
	<filename>2159439835_3359328bda_z.jpg</filename>
	<path>C:\Users\rapha\Desktop\projetoTcc\drill\2159439835_3359328bda_z.jpg</path>
	<source>
		<database>Unknown</database>
	</source>
	<size>
		<width>640</width>
		<height>480</height>
		<depth>3</depth>
	</size>
	<segmented>0</segmented>
	<object>
		<name>furadeira</name>
		<pose>Unspecified</pose>
		<truncated>0</truncated>
		<difficult>0</difficult>
		<bndbox>
			<xmin>270</xmin>
			<ymin>152</ymin>
			<xmax>552</xmax>
			<ymax>460</ymax>
		</bndbox>
	</object>
</annotation>
