<annotation>
	<folder>drill</folder>
	<filename>224743528_3faff3b190_z.jpg</filename>
	<path>C:\Users\rapha\Desktop\projetoTcc\drill\224743528_3faff3b190_z.jpg</path>
	<source>
		<database>Unknown</database>
	</source>
	<size>
		<width>640</width>
		<height>481</height>
		<depth>3</depth>
	</size>
	<segmented>0</segmented>
	<object>
		<name>furadeira</name>
		<pose>Unspecified</pose>
		<truncated>0</truncated>
		<difficult>0</difficult>
		<bndbox>
			<xmin>235</xmin>
			<ymin>281</ymin>
			<xmax>372</xmax>
			<ymax>417</ymax>
		</bndbox>
	</object>
</annotation>
