<annotation>
	<folder>drill</folder>
	<filename>227777971_80ba85110a_z.jpg</filename>
	<path>C:\Users\rapha\Desktop\projetoTcc\drill\227777971_80ba85110a_z.jpg</path>
	<source>
		<database>Unknown</database>
	</source>
	<size>
		<width>640</width>
		<height>480</height>
		<depth>3</depth>
	</size>
	<segmented>0</segmented>
	<object>
		<name>furadeira</name>
		<pose>Unspecified</pose>
		<truncated>0</truncated>
		<difficult>0</difficult>
		<bndbox>
			<xmin>275</xmin>
			<ymin>75</ymin>
			<xmax>399</xmax>
			<ymax>197</ymax>
		</bndbox>
	</object>
	<object>
		<name>furadeira</name>
		<pose>Unspecified</pose>
		<truncated>0</truncated>
		<difficult>0</difficult>
		<bndbox>
			<xmin>445</xmin>
			<ymin>143</ymin>
			<xmax>547</xmax>
			<ymax>240</ymax>
		</bndbox>
	</object>
</annotation>
