<annotation>
	<folder>drill</folder>
	<filename>2559145074_246f7872e3_z.jpg</filename>
	<path>C:\Users\rapha\Desktop\projetoTcc\drill\2559145074_246f7872e3_z.jpg</path>
	<source>
		<database>Unknown</database>
	</source>
	<size>
		<width>640</width>
		<height>426</height>
		<depth>3</depth>
	</size>
	<segmented>0</segmented>
	<object>
		<name>furadeira</name>
		<pose>Unspecified</pose>
		<truncated>1</truncated>
		<difficult>0</difficult>
		<bndbox>
			<xmin>235</xmin>
			<ymin>1</ymin>
			<xmax>374</xmax>
			<ymax>245</ymax>
		</bndbox>
	</object>
</annotation>
