<annotation>
	<folder>drill</folder>
	<filename>271552417_ae5788d044_z.jpg</filename>
	<path>C:\Users\rapha\Desktop\projetoTcc\drill\271552417_ae5788d044_z.jpg</path>
	<source>
		<database>Unknown</database>
	</source>
	<size>
		<width>640</width>
		<height>480</height>
		<depth>3</depth>
	</size>
	<segmented>0</segmented>
	<object>
		<name>furadeira</name>
		<pose>Unspecified</pose>
		<truncated>0</truncated>
		<difficult>0</difficult>
		<bndbox>
			<xmin>72</xmin>
			<ymin>101</ymin>
			<xmax>210</xmax>
			<ymax>211</ymax>
		</bndbox>
	</object>
</annotation>
