<annotation>
	<folder>drill</folder>
	<filename>3095697469_6c43d65653_z.jpg</filename>
	<path>C:\Users\rapha\Desktop\projetoTcc\drill\3095697469_6c43d65653_z.jpg</path>
	<source>
		<database>Unknown</database>
	</source>
	<size>
		<width>640</width>
		<height>480</height>
		<depth>3</depth>
	</size>
	<segmented>0</segmented>
	<object>
		<name>furadeira</name>
		<pose>Unspecified</pose>
		<truncated>0</truncated>
		<difficult>0</difficult>
		<bndbox>
			<xmin>40</xmin>
			<ymin>58</ymin>
			<xmax>488</xmax>
			<ymax>464</ymax>
		</bndbox>
	</object>
	<object>
		<name>furadeira</name>
		<pose>Unspecified</pose>
		<truncated>0</truncated>
		<difficult>0</difficult>
		<bndbox>
			<xmin>209</xmin>
			<ymin>67</ymin>
			<xmax>494</xmax>
			<ymax>369</ymax>
		</bndbox>
	</object>
</annotation>
