<annotation>
	<folder>drill</folder>
	<filename>3220020166_3c5ee881d7_z.jpg</filename>
	<path>C:\Users\rapha\Desktop\projetoTcc\drill\3220020166_3c5ee881d7_z.jpg</path>
	<source>
		<database>Unknown</database>
	</source>
	<size>
		<width>618</width>
		<height>640</height>
		<depth>3</depth>
	</size>
	<segmented>0</segmented>
	<object>
		<name>furadeira</name>
		<pose>Unspecified</pose>
		<truncated>0</truncated>
		<difficult>0</difficult>
		<bndbox>
			<xmin>131</xmin>
			<ymin>21</ymin>
			<xmax>573</xmax>
			<ymax>406</ymax>
		</bndbox>
	</object>
</annotation>
