<annotation>
	<folder>drill</folder>
	<filename>3255423058_27c8508451_z.jpg</filename>
	<path>C:\Users\rapha\Desktop\projetoTcc\drill\3255423058_27c8508451_z.jpg</path>
	<source>
		<database>Unknown</database>
	</source>
	<size>
		<width>640</width>
		<height>480</height>
		<depth>3</depth>
	</size>
	<segmented>0</segmented>
	<object>
		<name>furadeira</name>
		<pose>Unspecified</pose>
		<truncated>0</truncated>
		<difficult>0</difficult>
		<bndbox>
			<xmin>11</xmin>
			<ymin>82</ymin>
			<xmax>614</xmax>
			<ymax>445</ymax>
		</bndbox>
	</object>
</annotation>
