<annotation>
	<folder>drill</folder>
	<filename>330189034_b3fdc352c9_z.jpg</filename>
	<path>C:\Users\rapha\Desktop\projetoTcc\drill\330189034_b3fdc352c9_z.jpg</path>
	<source>
		<database>Unknown</database>
	</source>
	<size>
		<width>640</width>
		<height>480</height>
		<depth>3</depth>
	</size>
	<segmented>0</segmented>
	<object>
		<name>furadeira</name>
		<pose>Unspecified</pose>
		<truncated>0</truncated>
		<difficult>0</difficult>
		<bndbox>
			<xmin>231</xmin>
			<ymin>116</ymin>
			<xmax>286</xmax>
			<ymax>148</ymax>
		</bndbox>
	</object>
</annotation>
