<annotation>
	<folder>drill</folder>
	<filename>3397496787_6fdda1b2bc_z.jpg</filename>
	<path>C:\Users\rapha\Desktop\projetoTcc\drill\3397496787_6fdda1b2bc_z.jpg</path>
	<source>
		<database>Unknown</database>
	</source>
	<size>
		<width>640</width>
		<height>480</height>
		<depth>3</depth>
	</size>
	<segmented>0</segmented>
	<object>
		<name>furadeira</name>
		<pose>Unspecified</pose>
		<truncated>0</truncated>
		<difficult>0</difficult>
		<bndbox>
			<xmin>352</xmin>
			<ymin>121</ymin>
			<xmax>473</xmax>
			<ymax>169</ymax>
		</bndbox>
	</object>
</annotation>
