<annotation>
	<folder>drill</folder>
	<filename>3849798165_65f2ea4d9d_z.jpg</filename>
	<path>C:\Users\rapha\Desktop\projetoTcc\drill\3849798165_65f2ea4d9d_z.jpg</path>
	<source>
		<database>Unknown</database>
	</source>
	<size>
		<width>640</width>
		<height>480</height>
		<depth>3</depth>
	</size>
	<segmented>0</segmented>
	<object>
		<name>furadeira</name>
		<pose>Unspecified</pose>
		<truncated>1</truncated>
		<difficult>0</difficult>
		<bndbox>
			<xmin>234</xmin>
			<ymin>106</ymin>
			<xmax>640</xmax>
			<ymax>371</ymax>
		</bndbox>
	</object>
</annotation>
