<annotation>
	<folder>drill</folder>
	<filename>3912240516_86b83f7bbd_z.jpg</filename>
	<path>C:\Users\rapha\Desktop\projetoTcc\drill\3912240516_86b83f7bbd_z.jpg</path>
	<source>
		<database>Unknown</database>
	</source>
	<size>
		<width>640</width>
		<height>426</height>
		<depth>3</depth>
	</size>
	<segmented>0</segmented>
	<object>
		<name>furadeira</name>
		<pose>Unspecified</pose>
		<truncated>1</truncated>
		<difficult>0</difficult>
		<bndbox>
			<xmin>277</xmin>
			<ymin>48</ymin>
			<xmax>640</xmax>
			<ymax>426</ymax>
		</bndbox>
	</object>
</annotation>
