<annotation>
	<folder>drill</folder>
	<filename>3912233714_9098ef31e2_z.jpg</filename>
	<path>C:\Users\rapha\Desktop\projetoTcc\drill\3912233714_9098ef31e2_z.jpg</path>
	<source>
		<database>Unknown</database>
	</source>
	<size>
		<width>640</width>
		<height>426</height>
		<depth>3</depth>
	</size>
	<segmented>0</segmented>
	<object>
		<name>furadeira</name>
		<pose>Unspecified</pose>
		<truncated>0</truncated>
		<difficult>0</difficult>
		<bndbox>
			<xmin>275</xmin>
			<ymin>280</ymin>
			<xmax>387</xmax>
			<ymax>373</ymax>
		</bndbox>
	</object>
</annotation>
