<annotation>
	<folder>drill</folder>
	<filename>3912242100_746f52205c_z.jpg</filename>
	<path>C:\Users\rapha\Desktop\projetoTcc\drill\3912242100_746f52205c_z.jpg</path>
	<source>
		<database>Unknown</database>
	</source>
	<size>
		<width>426</width>
		<height>640</height>
		<depth>3</depth>
	</size>
	<segmented>0</segmented>
	<object>
		<name>furadeira</name>
		<pose>Unspecified</pose>
		<truncated>1</truncated>
		<difficult>0</difficult>
		<bndbox>
			<xmin>127</xmin>
			<ymin>71</ymin>
			<xmax>426</xmax>
			<ymax>521</ymax>
		</bndbox>
	</object>
</annotation>
