<annotation>
	<folder>drill</folder>
	<filename>3912227980_0dfcca7f66_z.jpg</filename>
	<path>C:\Users\rapha\Desktop\projetoTcc\drill\3912227980_0dfcca7f66_z.jpg</path>
	<source>
		<database>Unknown</database>
	</source>
	<size>
		<width>640</width>
		<height>426</height>
		<depth>3</depth>
	</size>
	<segmented>0</segmented>
	<object>
		<name>furadeira</name>
		<pose>Unspecified</pose>
		<truncated>0</truncated>
		<difficult>0</difficult>
		<bndbox>
			<xmin>324</xmin>
			<ymin>71</ymin>
			<xmax>530</xmax>
			<ymax>398</ymax>
		</bndbox>
	</object>
</annotation>
