<annotation>
	<folder>drill</folder>
	<filename>3912238132_4a15f59a9d_z.jpg</filename>
	<path>C:\Users\rapha\Desktop\projetoTcc\drill\3912238132_4a15f59a9d_z.jpg</path>
	<source>
		<database>Unknown</database>
	</source>
	<size>
		<width>640</width>
		<height>426</height>
		<depth>3</depth>
	</size>
	<segmented>0</segmented>
	<object>
		<name>furadeira</name>
		<pose>Unspecified</pose>
		<truncated>0</truncated>
		<difficult>0</difficult>
		<bndbox>
			<xmin>325</xmin>
			<ymin>17</ymin>
			<xmax>625</xmax>
			<ymax>376</ymax>
		</bndbox>
	</object>
</annotation>
