<annotation>
	<folder>drill</folder>
	<filename>3925447671_49343f661c_z.jpg</filename>
	<path>C:\Users\rapha\Desktop\projetoTcc\drill\3925447671_49343f661c_z.jpg</path>
	<source>
		<database>Unknown</database>
	</source>
	<size>
		<width>640</width>
		<height>426</height>
		<depth>3</depth>
	</size>
	<segmented>0</segmented>
	<object>
		<name>furadeira</name>
		<pose>Unspecified</pose>
		<truncated>1</truncated>
		<difficult>0</difficult>
		<bndbox>
			<xmin>89</xmin>
			<ymin>102</ymin>
			<xmax>630</xmax>
			<ymax>426</ymax>
		</bndbox>
	</object>
</annotation>
