<annotation>
	<folder>drill</folder>
	<filename>4045738930_c8b87b35f3_z.jpg</filename>
	<path>C:\Users\rapha\Desktop\projetoTcc\drill\4045738930_c8b87b35f3_z.jpg</path>
	<source>
		<database>Unknown</database>
	</source>
	<size>
		<width>640</width>
		<height>480</height>
		<depth>3</depth>
	</size>
	<segmented>0</segmented>
	<object>
		<name>furadeira</name>
		<pose>Unspecified</pose>
		<truncated>0</truncated>
		<difficult>0</difficult>
		<bndbox>
			<xmin>189</xmin>
			<ymin>191</ymin>
			<xmax>461</xmax>
			<ymax>439</ymax>
		</bndbox>
	</object>
</annotation>
