<annotation>
	<folder>drill</folder>
	<filename>4139658195_e6c05e5e51_z.jpg</filename>
	<path>C:\Users\rapha\Desktop\projetoTcc\drill\4139658195_e6c05e5e51_z.jpg</path>
	<source>
		<database>Unknown</database>
	</source>
	<size>
		<width>640</width>
		<height>426</height>
		<depth>3</depth>
	</size>
	<segmented>0</segmented>
	<object>
		<name>furadeira</name>
		<pose>Unspecified</pose>
		<truncated>0</truncated>
		<difficult>0</difficult>
		<bndbox>
			<xmin>33</xmin>
			<ymin>63</ymin>
			<xmax>444</xmax>
			<ymax>417</ymax>
		</bndbox>
	</object>
	<object>
		<name>furadeira</name>
		<pose>Unspecified</pose>
		<truncated>1</truncated>
		<difficult>0</difficult>
		<bndbox>
			<xmin>419</xmin>
			<ymin>137</ymin>
			<xmax>640</xmax>
			<ymax>343</ymax>
		</bndbox>
	</object>
</annotation>
