<annotation>
	<folder>drill</folder>
	<filename>4173684416_a77547398c_z.jpg</filename>
	<path>C:\Users\rapha\Desktop\projetoTcc\drill\4173684416_a77547398c_z.jpg</path>
	<source>
		<database>Unknown</database>
	</source>
	<size>
		<width>640</width>
		<height>480</height>
		<depth>3</depth>
	</size>
	<segmented>0</segmented>
	<object>
		<name>furadeira</name>
		<pose>Unspecified</pose>
		<truncated>0</truncated>
		<difficult>0</difficult>
		<bndbox>
			<xmin>2</xmin>
			<ymin>102</ymin>
			<xmax>214</xmax>
			<ymax>448</ymax>
		</bndbox>
	</object>
</annotation>
