<annotation>
	<folder>drill</folder>
	<filename>4294379901_b41f007f0a_z.jpg</filename>
	<path>C:\Users\rapha\Desktop\projetoTcc\drill\4294379901_b41f007f0a_z.jpg</path>
	<source>
		<database>Unknown</database>
	</source>
	<size>
		<width>640</width>
		<height>426</height>
		<depth>3</depth>
	</size>
	<segmented>0</segmented>
	<object>
		<name>furadeira</name>
		<pose>Unspecified</pose>
		<truncated>0</truncated>
		<difficult>0</difficult>
		<bndbox>
			<xmin>73</xmin>
			<ymin>27</ymin>
			<xmax>423</xmax>
			<ymax>399</ymax>
		</bndbox>
	</object>
</annotation>
