<annotation>
	<folder>drill</folder>
	<filename>4297527221_9ecda58b9c_z.jpg</filename>
	<path>C:\Users\rapha\Desktop\projetoTcc\drill\4297527221_9ecda58b9c_z.jpg</path>
	<source>
		<database>Unknown</database>
	</source>
	<size>
		<width>640</width>
		<height>427</height>
		<depth>3</depth>
	</size>
	<segmented>0</segmented>
	<object>
		<name>furadeira</name>
		<pose>Unspecified</pose>
		<truncated>1</truncated>
		<difficult>0</difficult>
		<bndbox>
			<xmin>1</xmin>
			<ymin>7</ymin>
			<xmax>288</xmax>
			<ymax>400</ymax>
		</bndbox>
	</object>
</annotation>
