<annotation>
	<folder>drill</folder>
	<filename>4403976874_402b795d1a_z.jpg</filename>
	<path>C:\Users\rapha\Desktop\projetoTcc\drill\4403976874_402b795d1a_z.jpg</path>
	<source>
		<database>Unknown</database>
	</source>
	<size>
		<width>639</width>
		<height>428</height>
		<depth>3</depth>
	</size>
	<segmented>0</segmented>
	<object>
		<name>furadeira</name>
		<pose>Unspecified</pose>
		<truncated>0</truncated>
		<difficult>0</difficult>
		<bndbox>
			<xmin>165</xmin>
			<ymin>191</ymin>
			<xmax>563</xmax>
			<ymax>423</ymax>
		</bndbox>
	</object>
	<object>
		<name>furadeira</name>
		<pose>Unspecified</pose>
		<truncated>0</truncated>
		<difficult>0</difficult>
		<bndbox>
			<xmin>30</xmin>
			<ymin>66</ymin>
			<xmax>568</xmax>
			<ymax>364</ymax>
		</bndbox>
	</object>
</annotation>
