<annotation>
	<folder>drill</folder>
	<filename>4481611407_10098949af_z.jpg</filename>
	<path>C:\Users\rapha\Desktop\projetoTcc\drill\4481611407_10098949af_z.jpg</path>
	<source>
		<database>Unknown</database>
	</source>
	<size>
		<width>640</width>
		<height>480</height>
		<depth>3</depth>
	</size>
	<segmented>0</segmented>
	<object>
		<name>furadeira</name>
		<pose>Unspecified</pose>
		<truncated>0</truncated>
		<difficult>0</difficult>
		<bndbox>
			<xmin>299</xmin>
			<ymin>100</ymin>
			<xmax>591</xmax>
			<ymax>431</ymax>
		</bndbox>
	</object>
	<object>
		<name>furadeira</name>
		<pose>Unspecified</pose>
		<truncated>0</truncated>
		<difficult>0</difficult>
		<bndbox>
			<xmin>153</xmin>
			<ymin>304</ymin>
			<xmax>232</xmax>
			<ymax>368</ymax>
		</bndbox>
	</object>
</annotation>
