<annotation>
	<folder>drill</folder>
	<filename>476438619_7617c13f5b_z.jpg</filename>
	<path>C:\Users\rapha\Desktop\projetoTcc\drill\476438619_7617c13f5b_z.jpg</path>
	<source>
		<database>Unknown</database>
	</source>
	<size>
		<width>640</width>
		<height>480</height>
		<depth>3</depth>
	</size>
	<segmented>0</segmented>
	<object>
		<name>furadeira</name>
		<pose>Unspecified</pose>
		<truncated>1</truncated>
		<difficult>0</difficult>
		<bndbox>
			<xmin>343</xmin>
			<ymin>164</ymin>
			<xmax>640</xmax>
			<ymax>308</ymax>
		</bndbox>
	</object>
</annotation>
