<annotation>
	<folder>drill</folder>
	<filename>4887824122_2109b0a799_z.jpg</filename>
	<path>C:\Users\rapha\Desktop\projetoTcc\drill\4887824122_2109b0a799_z.jpg</path>
	<source>
		<database>Unknown</database>
	</source>
	<size>
		<width>426</width>
		<height>640</height>
		<depth>3</depth>
	</size>
	<segmented>0</segmented>
	<object>
		<name>furadeira</name>
		<pose>Unspecified</pose>
		<truncated>0</truncated>
		<difficult>0</difficult>
		<bndbox>
			<xmin>44</xmin>
			<ymin>142</ymin>
			<xmax>218</xmax>
			<ymax>321</ymax>
		</bndbox>
	</object>
</annotation>
