<annotation>
	<folder>drill</folder>
	<filename>4887719094_ed0ce4d9f4_z.jpg</filename>
	<path>C:\Users\rapha\Desktop\projetoTcc\drill\4887719094_ed0ce4d9f4_z.jpg</path>
	<source>
		<database>Unknown</database>
	</source>
	<size>
		<width>478</width>
		<height>640</height>
		<depth>3</depth>
	</size>
	<segmented>0</segmented>
	<object>
		<name>furadeira</name>
		<pose>Unspecified</pose>
		<truncated>0</truncated>
		<difficult>0</difficult>
		<bndbox>
			<xmin>3</xmin>
			<ymin>376</ymin>
			<xmax>459</xmax>
			<ymax>551</ymax>
		</bndbox>
	</object>
</annotation>
