<annotation>
	<folder>drill</folder>
	<filename>4887674812_21e11e05d4_z.jpg</filename>
	<path>C:\Users\rapha\Desktop\projetoTcc\drill\4887674812_21e11e05d4_z.jpg</path>
	<source>
		<database>Unknown</database>
	</source>
	<size>
		<width>640</width>
		<height>478</height>
		<depth>3</depth>
	</size>
	<segmented>0</segmented>
	<object>
		<name>furadeira</name>
		<pose>Unspecified</pose>
		<truncated>0</truncated>
		<difficult>0</difficult>
		<bndbox>
			<xmin>264</xmin>
			<ymin>72</ymin>
			<xmax>604</xmax>
			<ymax>469</ymax>
		</bndbox>
	</object>
	<object>
		<name>furadeira</name>
		<pose>Unspecified</pose>
		<truncated>0</truncated>
		<difficult>0</difficult>
		<bndbox>
			<xmin>98</xmin>
			<ymin>94</ymin>
			<xmax>266</xmax>
			<ymax>360</ymax>
		</bndbox>
	</object>
</annotation>
