<annotation>
	<folder>drill</folder>
	<filename>4887708058_ec7486a49b_z.jpg</filename>
	<path>C:\Users\rapha\Desktop\projetoTcc\drill\4887708058_ec7486a49b_z.jpg</path>
	<source>
		<database>Unknown</database>
	</source>
	<size>
		<width>640</width>
		<height>429</height>
		<depth>3</depth>
	</size>
	<segmented>0</segmented>
	<object>
		<name>furadeira</name>
		<pose>Unspecified</pose>
		<truncated>1</truncated>
		<difficult>0</difficult>
		<bndbox>
			<xmin>261</xmin>
			<ymin>162</ymin>
			<xmax>640</xmax>
			<ymax>276</ymax>
		</bndbox>
	</object>
</annotation>
