<annotation>
	<folder>drill</folder>
	<filename>4887707340_58501aa20b_z.jpg</filename>
	<path>C:\Users\rapha\Desktop\projetoTcc\drill\4887707340_58501aa20b_z.jpg</path>
	<source>
		<database>Unknown</database>
	</source>
	<size>
		<width>640</width>
		<height>429</height>
		<depth>3</depth>
	</size>
	<segmented>0</segmented>
	<object>
		<name>furadeira</name>
		<pose>Unspecified</pose>
		<truncated>0</truncated>
		<difficult>0</difficult>
		<bndbox>
			<xmin>5</xmin>
			<ymin>71</ymin>
			<xmax>265</xmax>
			<ymax>369</ymax>
		</bndbox>
	</object>
	<object>
		<name>furadeira</name>
		<pose>Unspecified</pose>
		<truncated>0</truncated>
		<difficult>0</difficult>
		<bndbox>
			<xmin>264</xmin>
			<ymin>66</ymin>
			<xmax>592</xmax>
			<ymax>380</ymax>
		</bndbox>
	</object>
</annotation>
