<annotation>
	<folder>drill</folder>
	<filename>4887725808_232966bff8_z.jpg</filename>
	<path>C:\Users\rapha\Desktop\projetoTcc\drill\4887725808_232966bff8_z.jpg</path>
	<source>
		<database>Unknown</database>
	</source>
	<size>
		<width>640</width>
		<height>429</height>
		<depth>3</depth>
	</size>
	<segmented>0</segmented>
	<object>
		<name>furadeira</name>
		<pose>Unspecified</pose>
		<truncated>0</truncated>
		<difficult>0</difficult>
		<bndbox>
			<xmin>31</xmin>
			<ymin>145</ymin>
			<xmax>469</xmax>
			<ymax>392</ymax>
		</bndbox>
	</object>
</annotation>
