<annotation>
	<folder>drill</folder>
	<filename>5015960312_2451d8d747_z.jpg</filename>
	<path>C:\Users\rapha\Desktop\projetoTcc\drill\5015960312_2451d8d747_z.jpg</path>
	<source>
		<database>Unknown</database>
	</source>
	<size>
		<width>640</width>
		<height>480</height>
		<depth>3</depth>
	</size>
	<segmented>0</segmented>
	<object>
		<name>furadeira</name>
		<pose>Unspecified</pose>
		<truncated>0</truncated>
		<difficult>0</difficult>
		<bndbox>
			<xmin>45</xmin>
			<ymin>2</ymin>
			<xmax>495</xmax>
			<ymax>205</ymax>
		</bndbox>
	</object>
</annotation>
