<annotation>
	<folder>drill</folder>
	<filename>5035938189_521e9491a0_z.jpg</filename>
	<path>C:\Users\rapha\Desktop\projetoTcc\drill\5035938189_521e9491a0_z.jpg</path>
	<source>
		<database>Unknown</database>
	</source>
	<size>
		<width>640</width>
		<height>480</height>
		<depth>3</depth>
	</size>
	<segmented>0</segmented>
	<object>
		<name>furadeira</name>
		<pose>Unspecified</pose>
		<truncated>0</truncated>
		<difficult>0</difficult>
		<bndbox>
			<xmin>427</xmin>
			<ymin>119</ymin>
			<xmax>472</xmax>
			<ymax>288</ymax>
		</bndbox>
	</object>
</annotation>
