<annotation>
	<folder>drill</folder>
	<filename>5077395026_455c48a05d_z.jpg</filename>
	<path>C:\Users\rapha\Desktop\projetoTcc\drill\5077395026_455c48a05d_z.jpg</path>
	<source>
		<database>Unknown</database>
	</source>
	<size>
		<width>640</width>
		<height>463</height>
		<depth>3</depth>
	</size>
	<segmented>0</segmented>
	<object>
		<name>furadeira</name>
		<pose>Unspecified</pose>
		<truncated>0</truncated>
		<difficult>0</difficult>
		<bndbox>
			<xmin>73</xmin>
			<ymin>57</ymin>
			<xmax>157</xmax>
			<ymax>118</ymax>
		</bndbox>
	</object>
</annotation>
