<annotation>
	<folder>drill</folder>
	<filename>5101958093_9805098dda_z.jpg</filename>
	<path>C:\Users\rapha\Desktop\projetoTcc\drill\5101958093_9805098dda_z.jpg</path>
	<source>
		<database>Unknown</database>
	</source>
	<size>
		<width>640</width>
		<height>423</height>
		<depth>3</depth>
	</size>
	<segmented>0</segmented>
	<object>
		<name>furadeira</name>
		<pose>Unspecified</pose>
		<truncated>0</truncated>
		<difficult>0</difficult>
		<bndbox>
			<xmin>167</xmin>
			<ymin>186</ymin>
			<xmax>400</xmax>
			<ymax>390</ymax>
		</bndbox>
	</object>
</annotation>
