<annotation>
	<folder>drill</folder>
	<filename>5145920559_7389c40114_z.jpg</filename>
	<path>C:\Users\rapha\Desktop\projetoTcc\drill\5145920559_7389c40114_z.jpg</path>
	<source>
		<database>Unknown</database>
	</source>
	<size>
		<width>640</width>
		<height>360</height>
		<depth>3</depth>
	</size>
	<segmented>0</segmented>
	<object>
		<name>furadeira</name>
		<pose>Unspecified</pose>
		<truncated>0</truncated>
		<difficult>0</difficult>
		<bndbox>
			<xmin>132</xmin>
			<ymin>2</ymin>
			<xmax>538</xmax>
			<ymax>339</ymax>
		</bndbox>
	</object>
</annotation>
