<annotation>
	<folder>drill</folder>
	<filename>5168522971_dc3c44d39c_z.jpg</filename>
	<path>C:\Users\rapha\Desktop\projetoTcc\drill\5168522971_dc3c44d39c_z.jpg</path>
	<source>
		<database>Unknown</database>
	</source>
	<size>
		<width>640</width>
		<height>427</height>
		<depth>3</depth>
	</size>
	<segmented>0</segmented>
	<object>
		<name>furadeira</name>
		<pose>Unspecified</pose>
		<truncated>0</truncated>
		<difficult>0</difficult>
		<bndbox>
			<xmin>296</xmin>
			<ymin>63</ymin>
			<xmax>504</xmax>
			<ymax>305</ymax>
		</bndbox>
	</object>
</annotation>
