<annotation>
	<folder>drill</folder>
	<filename>5443354052_5572116153_z.jpg</filename>
	<path>C:\Users\rapha\Desktop\projetoTcc\drill\5443354052_5572116153_z.jpg</path>
	<source>
		<database>Unknown</database>
	</source>
	<size>
		<width>640</width>
		<height>360</height>
		<depth>3</depth>
	</size>
	<segmented>0</segmented>
	<object>
		<name>furadeira</name>
		<pose>Unspecified</pose>
		<truncated>0</truncated>
		<difficult>0</difficult>
		<bndbox>
			<xmin>352</xmin>
			<ymin>110</ymin>
			<xmax>544</xmax>
			<ymax>215</ymax>
		</bndbox>
	</object>
</annotation>
