<annotation>
	<folder>drill</folder>
	<filename>5473852471_b3e47b19e1_z.jpg</filename>
	<path>C:\Users\rapha\Desktop\projetoTcc\drill\5473852471_b3e47b19e1_z.jpg</path>
	<source>
		<database>Unknown</database>
	</source>
	<size>
		<width>640</width>
		<height>480</height>
		<depth>3</depth>
	</size>
	<segmented>0</segmented>
	<object>
		<name>furadeira</name>
		<pose>Unspecified</pose>
		<truncated>0</truncated>
		<difficult>0</difficult>
		<bndbox>
			<xmin>25</xmin>
			<ymin>161</ymin>
			<xmax>150</xmax>
			<ymax>351</ymax>
		</bndbox>
	</object>
	<object>
		<name>furadeira</name>
		<pose>Unspecified</pose>
		<truncated>0</truncated>
		<difficult>0</difficult>
		<bndbox>
			<xmin>91</xmin>
			<ymin>97</ymin>
			<xmax>222</xmax>
			<ymax>225</ymax>
		</bndbox>
	</object>
</annotation>
