<annotation>
	<folder>drill</folder>
	<filename>5473285511_3e815cf9db_z.jpg</filename>
	<path>C:\Users\rapha\Desktop\projetoTcc\drill\5473285511_3e815cf9db_z.jpg</path>
	<source>
		<database>Unknown</database>
	</source>
	<size>
		<width>640</width>
		<height>480</height>
		<depth>3</depth>
	</size>
	<segmented>0</segmented>
	<object>
		<name>furadeira</name>
		<pose>Unspecified</pose>
		<truncated>0</truncated>
		<difficult>0</difficult>
		<bndbox>
			<xmin>188</xmin>
			<ymin>91</ymin>
			<xmax>517</xmax>
			<ymax>325</ymax>
		</bndbox>
	</object>
</annotation>
