<annotation>
	<folder>drill</folder>
	<filename>5613885608_db41530fb0_z.jpg</filename>
	<path>C:\Users\rapha\Desktop\projetoTcc\drill\5613885608_db41530fb0_z.jpg</path>
	<source>
		<database>Unknown</database>
	</source>
	<size>
		<width>427</width>
		<height>640</height>
		<depth>3</depth>
	</size>
	<segmented>0</segmented>
	<object>
		<name>furadeira</name>
		<pose>Unspecified</pose>
		<truncated>1</truncated>
		<difficult>0</difficult>
		<bndbox>
			<xmin>110</xmin>
			<ymin>381</ymin>
			<xmax>427</xmax>
			<ymax>637</ymax>
		</bndbox>
	</object>
</annotation>
