<annotation>
	<folder>drill</folder>
	<filename>5725300529_d89d71f22f_z.jpg</filename>
	<path>C:\Users\rapha\Desktop\projetoTcc\drill\5725300529_d89d71f22f_z.jpg</path>
	<source>
		<database>Unknown</database>
	</source>
	<size>
		<width>639</width>
		<height>428</height>
		<depth>3</depth>
	</size>
	<segmented>0</segmented>
	<object>
		<name>furadeira</name>
		<pose>Unspecified</pose>
		<truncated>1</truncated>
		<difficult>0</difficult>
		<bndbox>
			<xmin>230</xmin>
			<ymin>85</ymin>
			<xmax>639</xmax>
			<ymax>425</ymax>
		</bndbox>
	</object>
	<object>
		<name>furadeira</name>
		<pose>Unspecified</pose>
		<truncated>1</truncated>
		<difficult>0</difficult>
		<bndbox>
			<xmin>61</xmin>
			<ymin>82</ymin>
			<xmax>523</xmax>
			<ymax>428</ymax>
		</bndbox>
	</object>
	<object>
		<name>furadeira</name>
		<pose>Unspecified</pose>
		<truncated>1</truncated>
		<difficult>0</difficult>
		<bndbox>
			<xmin>7</xmin>
			<ymin>80</ymin>
			<xmax>266</xmax>
			<ymax>428</ymax>
		</bndbox>
	</object>
</annotation>
