<annotation>
	<folder>drill</folder>
	<filename>5725306977_90352d145f_z.jpg</filename>
	<path>C:\Users\rapha\Desktop\projetoTcc\drill\5725306977_90352d145f_z.jpg</path>
	<source>
		<database>Unknown</database>
	</source>
	<size>
		<width>639</width>
		<height>428</height>
		<depth>3</depth>
	</size>
	<segmented>0</segmented>
	<object>
		<name>furadeira</name>
		<pose>Unspecified</pose>
		<truncated>0</truncated>
		<difficult>0</difficult>
		<bndbox>
			<xmin>202</xmin>
			<ymin>120</ymin>
			<xmax>522</xmax>
			<ymax>354</ymax>
		</bndbox>
	</object>
</annotation>
