<annotation>
	<folder>drill</folder>
	<filename>5745585426_e923753144_z.jpg</filename>
	<path>C:\Users\rapha\Desktop\projetoTcc\drill\5745585426_e923753144_z.jpg</path>
	<source>
		<database>Unknown</database>
	</source>
	<size>
		<width>640</width>
		<height>480</height>
		<depth>3</depth>
	</size>
	<segmented>0</segmented>
	<object>
		<name>furadeira</name>
		<pose>Unspecified</pose>
		<truncated>0</truncated>
		<difficult>0</difficult>
		<bndbox>
			<xmin>81</xmin>
			<ymin>35</ymin>
			<xmax>339</xmax>
			<ymax>283</ymax>
		</bndbox>
	</object>
</annotation>
