<annotation>
	<folder>drill</folder>
	<filename>5926340736_e8173600c2_z.jpg</filename>
	<path>C:\Users\rapha\Desktop\projetoTcc\drill\5926340736_e8173600c2_z.jpg</path>
	<source>
		<database>Unknown</database>
	</source>
	<size>
		<width>640</width>
		<height>427</height>
		<depth>3</depth>
	</size>
	<segmented>0</segmented>
	<object>
		<name>furadeira</name>
		<pose>Unspecified</pose>
		<truncated>0</truncated>
		<difficult>0</difficult>
		<bndbox>
			<xmin>107</xmin>
			<ymin>172</ymin>
			<xmax>316</xmax>
			<ymax>407</ymax>
		</bndbox>
	</object>
</annotation>
