<annotation>
	<folder>drill</folder>
	<filename>6261684885_d8ce364aa4_z.jpg</filename>
	<path>C:\Users\rapha\Desktop\projetoTcc\drill\6261684885_d8ce364aa4_z.jpg</path>
	<source>
		<database>Unknown</database>
	</source>
	<size>
		<width>480</width>
		<height>640</height>
		<depth>3</depth>
	</size>
	<segmented>0</segmented>
	<object>
		<name>furadeira</name>
		<pose>Unspecified</pose>
		<truncated>0</truncated>
		<difficult>0</difficult>
		<bndbox>
			<xmin>41</xmin>
			<ymin>104</ymin>
			<xmax>319</xmax>
			<ymax>443</ymax>
		</bndbox>
	</object>
</annotation>
