<annotation>
	<folder>drill</folder>
	<filename>6384665523_a3a2c63b79_z.jpg</filename>
	<path>C:\Users\rapha\Desktop\projetoTcc\drill\6384665523_a3a2c63b79_z.jpg</path>
	<source>
		<database>Unknown</database>
	</source>
	<size>
		<width>640</width>
		<height>425</height>
		<depth>3</depth>
	</size>
	<segmented>0</segmented>
	<object>
		<name>furadeira</name>
		<pose>Unspecified</pose>
		<truncated>0</truncated>
		<difficult>0</difficult>
		<bndbox>
			<xmin>302</xmin>
			<ymin>253</ymin>
			<xmax>506</xmax>
			<ymax>390</ymax>
		</bndbox>
	</object>
</annotation>
