<annotation>
	<folder>drill</folder>
	<filename>78142037_8a93d5f609_z.jpg</filename>
	<path>C:\Users\rapha\Desktop\projetoTcc\drill\78142037_8a93d5f609_z.jpg</path>
	<source>
		<database>Unknown</database>
	</source>
	<size>
		<width>640</width>
		<height>480</height>
		<depth>3</depth>
	</size>
	<segmented>0</segmented>
	<object>
		<name>furadeira</name>
		<pose>Unspecified</pose>
		<truncated>0</truncated>
		<difficult>0</difficult>
		<bndbox>
			<xmin>110</xmin>
			<ymin>75</ymin>
			<xmax>220</xmax>
			<ymax>394</ymax>
		</bndbox>
	</object>
</annotation>
