<annotation>
	<folder>drill</folder>
	<filename>8173362529_c81c38de64_z.jpg</filename>
	<path>C:\Users\rapha\Desktop\projetoTcc\drill\8173362529_c81c38de64_z.jpg</path>
	<source>
		<database>Unknown</database>
	</source>
	<size>
		<width>640</width>
		<height>480</height>
		<depth>3</depth>
	</size>
	<segmented>0</segmented>
	<object>
		<name>furadeira</name>
		<pose>Unspecified</pose>
		<truncated>0</truncated>
		<difficult>0</difficult>
		<bndbox>
			<xmin>233</xmin>
			<ymin>244</ymin>
			<xmax>327</xmax>
			<ymax>386</ymax>
		</bndbox>
	</object>
</annotation>
