<annotation>
	<folder>drill</folder>
	<filename>8179532656_6a732b0c5f_z.jpg</filename>
	<path>C:\Users\rapha\Desktop\projetoTcc\drill\8179532656_6a732b0c5f_z.jpg</path>
	<source>
		<database>Unknown</database>
	</source>
	<size>
		<width>639</width>
		<height>428</height>
		<depth>3</depth>
	</size>
	<segmented>0</segmented>
	<object>
		<name>furadeira</name>
		<pose>Unspecified</pose>
		<truncated>0</truncated>
		<difficult>0</difficult>
		<bndbox>
			<xmin>30</xmin>
			<ymin>71</ymin>
			<xmax>371</xmax>
			<ymax>360</ymax>
		</bndbox>
	</object>
</annotation>
