<annotation>
	<folder>drill</folder>
	<filename>8281122629_9eafa21be5_z.jpg</filename>
	<path>C:\Users\rapha\Desktop\projetoTcc\drill\8281122629_9eafa21be5_z.jpg</path>
	<source>
		<database>Unknown</database>
	</source>
	<size>
		<width>612</width>
		<height>612</height>
		<depth>3</depth>
	</size>
	<segmented>0</segmented>
	<object>
		<name>furadeira</name>
		<pose>Unspecified</pose>
		<truncated>1</truncated>
		<difficult>0</difficult>
		<bndbox>
			<xmin>9</xmin>
			<ymin>54</ymin>
			<xmax>555</xmax>
			<ymax>612</ymax>
		</bndbox>
	</object>
</annotation>
