<annotation>
	<folder>drill</folder>
	<filename>8406356293_51439a9fa1_z.jpg</filename>
	<path>C:\Users\rapha\Desktop\projetoTcc\drill\8406356293_51439a9fa1_z.jpg</path>
	<source>
		<database>Unknown</database>
	</source>
	<size>
		<width>640</width>
		<height>425</height>
		<depth>3</depth>
	</size>
	<segmented>0</segmented>
	<object>
		<name>furadeira</name>
		<pose>Unspecified</pose>
		<truncated>1</truncated>
		<difficult>0</difficult>
		<bndbox>
			<xmin>104</xmin>
			<ymin>67</ymin>
			<xmax>640</xmax>
			<ymax>425</ymax>
		</bndbox>
	</object>
</annotation>
