<annotation>
	<folder>drill</folder>
	<filename>8559707469_3b5c87b53b_z.jpg</filename>
	<path>C:\Users\rapha\Desktop\projetoTcc\drill\8559707469_3b5c87b53b_z.jpg</path>
	<source>
		<database>Unknown</database>
	</source>
	<size>
		<width>640</width>
		<height>386</height>
		<depth>3</depth>
	</size>
	<segmented>0</segmented>
	<object>
		<name>furadeira</name>
		<pose>Unspecified</pose>
		<truncated>0</truncated>
		<difficult>0</difficult>
		<bndbox>
			<xmin>29</xmin>
			<ymin>20</ymin>
			<xmax>609</xmax>
			<ymax>385</ymax>
		</bndbox>
	</object>
</annotation>
