<annotation>
	<folder>drill</folder>
	<filename>8681904076_5994570a27_z.jpg</filename>
	<path>C:\Users\rapha\Desktop\projetoTcc\drill\8681904076_5994570a27_z.jpg</path>
	<source>
		<database>Unknown</database>
	</source>
	<size>
		<width>640</width>
		<height>478</height>
		<depth>3</depth>
	</size>
	<segmented>0</segmented>
	<object>
		<name>furadeira</name>
		<pose>Unspecified</pose>
		<truncated>1</truncated>
		<difficult>0</difficult>
		<bndbox>
			<xmin>24</xmin>
			<ymin>92</ymin>
			<xmax>629</xmax>
			<ymax>478</ymax>
		</bndbox>
	</object>
</annotation>
