<annotation>
	<folder>drill</folder>
	<filename>8748532680_d3e91d6157_z.jpg</filename>
	<path>C:\Users\rapha\Desktop\projetoTcc\drill\8748532680_d3e91d6157_z.jpg</path>
	<source>
		<database>Unknown</database>
	</source>
	<size>
		<width>425</width>
		<height>640</height>
		<depth>3</depth>
	</size>
	<segmented>0</segmented>
	<object>
		<name>furadeira</name>
		<pose>Unspecified</pose>
		<truncated>0</truncated>
		<difficult>0</difficult>
		<bndbox>
			<xmin>265</xmin>
			<ymin>387</ymin>
			<xmax>383</xmax>
			<ymax>633</ymax>
		</bndbox>
	</object>
</annotation>
