<annotation>
	<folder>drill</folder>
	<filename>9337346909_ba904d5bc9_z.jpg</filename>
	<path>C:\Users\rapha\Desktop\projetoTcc\drill\9337346909_ba904d5bc9_z.jpg</path>
	<source>
		<database>Unknown</database>
	</source>
	<size>
		<width>640</width>
		<height>361</height>
		<depth>3</depth>
	</size>
	<segmented>0</segmented>
	<object>
		<name>furadeira</name>
		<pose>Unspecified</pose>
		<truncated>0</truncated>
		<difficult>0</difficult>
		<bndbox>
			<xmin>510</xmin>
			<ymin>19</ymin>
			<xmax>583</xmax>
			<ymax>172</ymax>
		</bndbox>
	</object>
</annotation>
