<annotation>
	<folder>drill</folder>
	<filename>9825729686_dc9401423f_z.jpg</filename>
	<path>C:\Users\rapha\Desktop\projetoTcc\drill\9825729686_dc9401423f_z.jpg</path>
	<source>
		<database>Unknown</database>
	</source>
	<size>
		<width>480</width>
		<height>640</height>
		<depth>3</depth>
	</size>
	<segmented>0</segmented>
	<object>
		<name>furadeira</name>
		<pose>Unspecified</pose>
		<truncated>0</truncated>
		<difficult>0</difficult>
		<bndbox>
			<xmin>4</xmin>
			<ymin>62</ymin>
			<xmax>279</xmax>
			<ymax>281</ymax>
		</bndbox>
	</object>
	<object>
		<name>furadeira</name>
		<pose>Unspecified</pose>
		<truncated>1</truncated>
		<difficult>0</difficult>
		<bndbox>
			<xmin>1</xmin>
			<ymin>375</ymin>
			<xmax>260</xmax>
			<ymax>615</ymax>
		</bndbox>
	</object>
</annotation>
