<annotation>
	<folder>Ratchet</folder>
	<filename>11733825925_b065f8d4fd_z.jpg</filename>
	<path>C:\Users\rapha\Desktop\projetoTcc\Ratchet\11733825925_b065f8d4fd_z.jpg</path>
	<source>
		<database>Unknown</database>
	</source>
	<size>
		<width>640</width>
		<height>427</height>
		<depth>3</depth>
	</size>
	<segmented>0</segmented>
	<object>
		<name>ratchet</name>
		<pose>Unspecified</pose>
		<truncated>0</truncated>
		<difficult>0</difficult>
		<bndbox>
			<xmin>239</xmin>
			<ymin>325</ymin>
			<xmax>573</xmax>
			<ymax>408</ymax>
		</bndbox>
	</object>
</annotation>
