<annotation>
	<folder>Ratchet</folder>
	<filename>13932415944_e3bfcbf897_z.jpg</filename>
	<path>C:\Users\rapha\Desktop\projetoTcc\Ratchet\13932415944_e3bfcbf897_z.jpg</path>
	<source>
		<database>Unknown</database>
	</source>
	<size>
		<width>640</width>
		<height>640</height>
		<depth>3</depth>
	</size>
	<segmented>0</segmented>
	<object>
		<name>ratchet</name>
		<pose>Unspecified</pose>
		<truncated>1</truncated>
		<difficult>0</difficult>
		<bndbox>
			<xmin>547</xmin>
			<ymin>336</ymin>
			<xmax>640</xmax>
			<ymax>359</ymax>
		</bndbox>
	</object>
	<object>
		<name>ratchet</name>
		<pose>Unspecified</pose>
		<truncated>1</truncated>
		<difficult>0</difficult>
		<bndbox>
			<xmin>532</xmin>
			<ymin>327</ymin>
			<xmax>640</xmax>
			<ymax>346</ymax>
		</bndbox>
	</object>
	<object>
		<name>ratchet</name>
		<pose>Unspecified</pose>
		<truncated>1</truncated>
		<difficult>0</difficult>
		<bndbox>
			<xmin>511</xmin>
			<ymin>320</ymin>
			<xmax>640</xmax>
			<ymax>338</ymax>
		</bndbox>
	</object>
	<object>
		<name>ratchet</name>
		<pose>Unspecified</pose>
		<truncated>1</truncated>
		<difficult>0</difficult>
		<bndbox>
			<xmin>501</xmin>
			<ymin>292</ymin>
			<xmax>640</xmax>
			<ymax>317</ymax>
		</bndbox>
	</object>
	<object>
		<name>ratchet</name>
		<pose>Unspecified</pose>
		<truncated>1</truncated>
		<difficult>0</difficult>
		<bndbox>
			<xmin>482</xmin>
			<ymin>281</ymin>
			<xmax>640</xmax>
			<ymax>304</ymax>
		</bndbox>
	</object>
	<object>
		<name>ratchet</name>
		<pose>Unspecified</pose>
		<truncated>1</truncated>
		<difficult>0</difficult>
		<bndbox>
			<xmin>430</xmin>
			<ymin>263</ymin>
			<xmax>640</xmax>
			<ymax>293</ymax>
		</bndbox>
	</object>
	<object>
		<name>ratchet</name>
		<pose>Unspecified</pose>
		<truncated>1</truncated>
		<difficult>0</difficult>
		<bndbox>
			<xmin>443</xmin>
			<ymin>231</ymin>
			<xmax>640</xmax>
			<ymax>278</ymax>
		</bndbox>
	</object>
</annotation>
