<annotation>
	<folder>Ratchet</folder>
	<filename>15618982006_6fcd1d4bb6_z.jpg</filename>
	<path>C:\Users\rapha\Desktop\projetoTcc\Ratchet\15618982006_6fcd1d4bb6_z.jpg</path>
	<source>
		<database>Unknown</database>
	</source>
	<size>
		<width>640</width>
		<height>480</height>
		<depth>1</depth>
	</size>
	<segmented>0</segmented>
	<object>
		<name>ratchet</name>
		<pose>Unspecified</pose>
		<truncated>0</truncated>
		<difficult>0</difficult>
		<bndbox>
			<xmin>15</xmin>
			<ymin>12</ymin>
			<xmax>142</xmax>
			<ymax>256</ymax>
		</bndbox>
	</object>
	<object>
		<name>ratchet</name>
		<pose>Unspecified</pose>
		<truncated>0</truncated>
		<difficult>0</difficult>
		<bndbox>
			<xmin>148</xmin>
			<ymin>7</ymin>
			<xmax>272</xmax>
			<ymax>246</ymax>
		</bndbox>
	</object>
	<object>
		<name>ratchet</name>
		<pose>Unspecified</pose>
		<truncated>0</truncated>
		<difficult>0</difficult>
		<bndbox>
			<xmin>268</xmin>
			<ymin>3</ymin>
			<xmax>383</xmax>
			<ymax>213</ymax>
		</bndbox>
	</object>
	<object>
		<name>ratchet</name>
		<pose>Unspecified</pose>
		<truncated>1</truncated>
		<difficult>0</difficult>
		<bndbox>
			<xmin>567</xmin>
			<ymin>6</ymin>
			<xmax>640</xmax>
			<ymax>141</ymax>
		</bndbox>
	</object>
	<object>
		<name>ratchet</name>
		<pose>Unspecified</pose>
		<truncated>1</truncated>
		<difficult>0</difficult>
		<bndbox>
			<xmin>43</xmin>
			<ymin>309</ymin>
			<xmax>107</xmax>
			<ymax>480</ymax>
		</bndbox>
	</object>
	<object>
		<name>ratchet</name>
		<pose>Unspecified</pose>
		<truncated>1</truncated>
		<difficult>0</difficult>
		<bndbox>
			<xmin>116</xmin>
			<ymin>289</ymin>
			<xmax>181</xmax>
			<ymax>480</ymax>
		</bndbox>
	</object>
	<object>
		<name>ratchet</name>
		<pose>Unspecified</pose>
		<truncated>1</truncated>
		<difficult>0</difficult>
		<bndbox>
			<xmin>193</xmin>
			<ymin>270</ymin>
			<xmax>245</xmax>
			<ymax>480</ymax>
		</bndbox>
	</object>
	<object>
		<name>ratchet</name>
		<pose>Unspecified</pose>
		<truncated>0</truncated>
		<difficult>0</difficult>
		<bndbox>
			<xmin>254</xmin>
			<ymin>261</ymin>
			<xmax>326</xmax>
			<ymax>460</ymax>
		</bndbox>
	</object>
	<object>
		<name>ratchet</name>
		<pose>Unspecified</pose>
		<truncated>0</truncated>
		<difficult>0</difficult>
		<bndbox>
			<xmin>334</xmin>
			<ymin>241</ymin>
			<xmax>410</xmax>
			<ymax>469</ymax>
		</bndbox>
	</object>
	<object>
		<name>ratchet</name>
		<pose>Unspecified</pose>
		<truncated>0</truncated>
		<difficult>0</difficult>
		<bndbox>
			<xmin>431</xmin>
			<ymin>222</ymin>
			<xmax>497</xmax>
			<ymax>466</ymax>
		</bndbox>
	</object>
	<object>
		<name>ratchet</name>
		<pose>Unspecified</pose>
		<truncated>0</truncated>
		<difficult>0</difficult>
		<bndbox>
			<xmin>553</xmin>
			<ymin>206</ymin>
			<xmax>612</xmax>
			<ymax>477</ymax>
		</bndbox>
	</object>
	<object>
		<name>ratchet</name>
		<pose>Unspecified</pose>
		<truncated>0</truncated>
		<difficult>0</difficult>
		<bndbox>
			<xmin>514</xmin>
			<ymin>195</ymin>
			<xmax>583</xmax>
			<ymax>475</ymax>
		</bndbox>
	</object>
</annotation>
