<annotation>
	<folder>Ratchet</folder>
	<filename>1907830572_b90c7116f8_z.jpg</filename>
	<path>C:\Users\rapha\Desktop\projetoTcc\Ratchet\1907830572_b90c7116f8_z.jpg</path>
	<source>
		<database>Unknown</database>
	</source>
	<size>
		<width>640</width>
		<height>480</height>
		<depth>3</depth>
	</size>
	<segmented>0</segmented>
	<object>
		<name>ratchet</name>
		<pose>Unspecified</pose>
		<truncated>0</truncated>
		<difficult>0</difficult>
		<bndbox>
			<xmin>229</xmin>
			<ymin>91</ymin>
			<xmax>579</xmax>
			<ymax>328</ymax>
		</bndbox>
	</object>
</annotation>
