<annotation>
	<folder>Ratchet</folder>
	<filename>20605939719_9d4dd8c727_z.jpg</filename>
	<path>C:\Users\rapha\Desktop\projetoTcc\Ratchet\20605939719_9d4dd8c727_z.jpg</path>
	<source>
		<database>Unknown</database>
	</source>
	<size>
		<width>640</width>
		<height>640</height>
		<depth>1</depth>
	</size>
	<segmented>0</segmented>
	<object>
		<name>ratchet</name>
		<pose>Unspecified</pose>
		<truncated>1</truncated>
		<difficult>0</difficult>
		<bndbox>
			<xmin>405</xmin>
			<ymin>81</ymin>
			<xmax>608</xmax>
			<ymax>640</ymax>
		</bndbox>
	</object>
	<object>
		<name>ratchet</name>
		<pose>Unspecified</pose>
		<truncated>0</truncated>
		<difficult>0</difficult>
		<bndbox>
			<xmin>51</xmin>
			<ymin>180</ymin>
			<xmax>410</xmax>
			<ymax>637</ymax>
		</bndbox>
	</object>
</annotation>
