<annotation>
	<folder>Ratchet</folder>
	<filename>2206608136_fa319f7344_z.jpg</filename>
	<path>C:\Users\rapha\Desktop\projetoTcc\Ratchet\2206608136_fa319f7344_z.jpg</path>
	<source>
		<database>Unknown</database>
	</source>
	<size>
		<width>433</width>
		<height>640</height>
		<depth>3</depth>
	</size>
	<segmented>0</segmented>
	<object>
		<name>ratchet</name>
		<pose>Unspecified</pose>
		<truncated>0</truncated>
		<difficult>0</difficult>
		<bndbox>
			<xmin>47</xmin>
			<ymin>161</ymin>
			<xmax>172</xmax>
			<ymax>374</ymax>
		</bndbox>
	</object>
	<object>
		<name>ratchet</name>
		<pose>Unspecified</pose>
		<truncated>0</truncated>
		<difficult>0</difficult>
		<bndbox>
			<xmin>57</xmin>
			<ymin>30</ymin>
			<xmax>372</xmax>
			<ymax>593</ymax>
		</bndbox>
	</object>
</annotation>
