<annotation>
	<folder>Ratchet</folder>
	<filename>2635205657_05a5b400c3_z.jpg</filename>
	<path>C:\Users\rapha\Desktop\projetoTcc\Ratchet\2635205657_05a5b400c3_z.jpg</path>
	<source>
		<database>Unknown</database>
	</source>
	<size>
		<width>639</width>
		<height>425</height>
		<depth>3</depth>
	</size>
	<segmented>0</segmented>
	<object>
		<name>ratchet</name>
		<pose>Unspecified</pose>
		<truncated>0</truncated>
		<difficult>0</difficult>
		<bndbox>
			<xmin>136</xmin>
			<ymin>226</ymin>
			<xmax>538</xmax>
			<ymax>345</ymax>
		</bndbox>
	</object>
</annotation>
