<annotation>
	<folder>Ratchet</folder>
	<filename>3319195277_1535d197a6_z.jpg</filename>
	<path>C:\Users\rapha\Desktop\projetoTcc\Ratchet\3319195277_1535d197a6_z.jpg</path>
	<source>
		<database>Unknown</database>
	</source>
	<size>
		<width>640</width>
		<height>480</height>
		<depth>3</depth>
	</size>
	<segmented>0</segmented>
	<object>
		<name>ratchet</name>
		<pose>Unspecified</pose>
		<truncated>0</truncated>
		<difficult>0</difficult>
		<bndbox>
			<xmin>179</xmin>
			<ymin>156</ymin>
			<xmax>448</xmax>
			<ymax>215</ymax>
		</bndbox>
	</object>
</annotation>
