<annotation>
	<folder>Ratchet</folder>
	<filename>3467729970_571bb207ae_z.jpg</filename>
	<path>C:\Users\rapha\Desktop\projetoTcc\Ratchet\3467729970_571bb207ae_z.jpg</path>
	<source>
		<database>Unknown</database>
	</source>
	<size>
		<width>639</width>
		<height>422</height>
		<depth>3</depth>
	</size>
	<segmented>0</segmented>
	<object>
		<name>ratchet</name>
		<pose>Unspecified</pose>
		<truncated>1</truncated>
		<difficult>0</difficult>
		<bndbox>
			<xmin>224</xmin>
			<ymin>157</ymin>
			<xmax>437</xmax>
			<ymax>422</ymax>
		</bndbox>
	</object>
</annotation>
