<annotation>
	<folder>Ratchet</folder>
	<filename>353771860_8abdeffa2e_z.jpg</filename>
	<path>C:\Users\rapha\Desktop\projetoTcc\Ratchet\353771860_8abdeffa2e_z.jpg</path>
	<source>
		<database>Unknown</database>
	</source>
	<size>
		<width>640</width>
		<height>468</height>
		<depth>3</depth>
	</size>
	<segmented>0</segmented>
	<object>
		<name>ratchet</name>
		<pose>Unspecified</pose>
		<truncated>0</truncated>
		<difficult>0</difficult>
		<bndbox>
			<xmin>57</xmin>
			<ymin>317</ymin>
			<xmax>78</xmax>
			<ymax>439</ymax>
		</bndbox>
	</object>
	<object>
		<name>ratchet</name>
		<pose>Unspecified</pose>
		<truncated>0</truncated>
		<difficult>0</difficult>
		<bndbox>
			<xmin>80</xmin>
			<ymin>314</ymin>
			<xmax>99</xmax>
			<ymax>441</ymax>
		</bndbox>
	</object>
	<object>
		<name>ratchet</name>
		<pose>Unspecified</pose>
		<truncated>0</truncated>
		<difficult>0</difficult>
		<bndbox>
			<xmin>104</xmin>
			<ymin>312</ymin>
			<xmax>126</xmax>
			<ymax>442</ymax>
		</bndbox>
	</object>
	<object>
		<name>ratchet</name>
		<pose>Unspecified</pose>
		<truncated>0</truncated>
		<difficult>0</difficult>
		<bndbox>
			<xmin>129</xmin>
			<ymin>302</ymin>
			<xmax>154</xmax>
			<ymax>442</ymax>
		</bndbox>
	</object>
	<object>
		<name>ratchet</name>
		<pose>Unspecified</pose>
		<truncated>0</truncated>
		<difficult>0</difficult>
		<bndbox>
			<xmin>155</xmin>
			<ymin>291</ymin>
			<xmax>183</xmax>
			<ymax>440</ymax>
		</bndbox>
	</object>
	<object>
		<name>ratchet</name>
		<pose>Unspecified</pose>
		<truncated>0</truncated>
		<difficult>0</difficult>
		<bndbox>
			<xmin>186</xmin>
			<ymin>279</ymin>
			<xmax>220</xmax>
			<ymax>440</ymax>
		</bndbox>
	</object>
	<object>
		<name>ratchet</name>
		<pose>Unspecified</pose>
		<truncated>0</truncated>
		<difficult>0</difficult>
		<bndbox>
			<xmin>219</xmin>
			<ymin>260</ymin>
			<xmax>254</xmax>
			<ymax>438</ymax>
		</bndbox>
	</object>
	<object>
		<name>ratchet</name>
		<pose>Unspecified</pose>
		<truncated>0</truncated>
		<difficult>0</difficult>
		<bndbox>
			<xmin>255</xmin>
			<ymin>232</ymin>
			<xmax>293</xmax>
			<ymax>438</ymax>
		</bndbox>
	</object>
	<object>
		<name>ratchet</name>
		<pose>Unspecified</pose>
		<truncated>0</truncated>
		<difficult>0</difficult>
		<bndbox>
			<xmin>304</xmin>
			<ymin>216</ymin>
			<xmax>350</xmax>
			<ymax>441</ymax>
		</bndbox>
	</object>
	<object>
		<name>ratchet</name>
		<pose>Unspecified</pose>
		<truncated>0</truncated>
		<difficult>0</difficult>
		<bndbox>
			<xmin>351</xmin>
			<ymin>181</ymin>
			<xmax>395</xmax>
			<ymax>439</ymax>
		</bndbox>
	</object>
	<object>
		<name>ratchet</name>
		<pose>Unspecified</pose>
		<truncated>0</truncated>
		<difficult>0</difficult>
		<bndbox>
			<xmin>396</xmin>
			<ymin>165</ymin>
			<xmax>445</xmax>
			<ymax>442</ymax>
		</bndbox>
	</object>
	<object>
		<name>ratchet</name>
		<pose>Unspecified</pose>
		<truncated>0</truncated>
		<difficult>0</difficult>
		<bndbox>
			<xmin>446</xmin>
			<ymin>139</ymin>
			<xmax>507</xmax>
			<ymax>443</ymax>
		</bndbox>
	</object>
	<object>
		<name>ratchet</name>
		<pose>Unspecified</pose>
		<truncated>0</truncated>
		<difficult>0</difficult>
		<bndbox>
			<xmin>489</xmin>
			<ymin>120</ymin>
			<xmax>557</xmax>
			<ymax>445</ymax>
		</bndbox>
	</object>
	<object>
		<name>ratchet</name>
		<pose>Unspecified</pose>
		<truncated>0</truncated>
		<difficult>0</difficult>
		<bndbox>
			<xmin>535</xmin>
			<ymin>103</ymin>
			<xmax>617</xmax>
			<ymax>443</ymax>
		</bndbox>
	</object>
</annotation>
