<annotation>
	<folder>Ratchet</folder>
	<filename>5228454557_dd4ceb1856_z.jpg</filename>
	<path>C:\Users\rapha\Desktop\projetoTcc\Ratchet\5228454557_dd4ceb1856_z.jpg</path>
	<source>
		<database>Unknown</database>
	</source>
	<size>
		<width>640</width>
		<height>513</height>
		<depth>3</depth>
	</size>
	<segmented>0</segmented>
	<object>
		<name>ratchet</name>
		<pose>Unspecified</pose>
		<truncated>0</truncated>
		<difficult>0</difficult>
		<bndbox>
			<xmin>49</xmin>
			<ymin>20</ymin>
			<xmax>561</xmax>
			<ymax>156</ymax>
		</bndbox>
	</object>
	<object>
		<name>ratchet</name>
		<pose>Unspecified</pose>
		<truncated>0</truncated>
		<difficult>0</difficult>
		<bndbox>
			<xmin>105</xmin>
			<ymin>191</ymin>
			<xmax>488</xmax>
			<ymax>301</ymax>
		</bndbox>
	</object>
</annotation>
