<annotation>
	<folder>Ratchet</folder>
	<filename>5229051994_67569247d0_z.jpg</filename>
	<path>C:\Users\rapha\Desktop\projetoTcc\Ratchet\5229051994_67569247d0_z.jpg</path>
	<source>
		<database>Unknown</database>
	</source>
	<size>
		<width>640</width>
		<height>427</height>
		<depth>3</depth>
	</size>
	<segmented>0</segmented>
	<object>
		<name>ratchet</name>
		<pose>Unspecified</pose>
		<truncated>0</truncated>
		<difficult>0</difficult>
		<bndbox>
			<xmin>78</xmin>
			<ymin>67</ymin>
			<xmax>567</xmax>
			<ymax>382</ymax>
		</bndbox>
	</object>
</annotation>
