<annotation>
	<folder>Ratchet</folder>
	<filename>5229052142_81c6bbce7e_z.jpg</filename>
	<path>C:\Users\rapha\Desktop\projetoTcc\Ratchet\5229052142_81c6bbce7e_z.jpg</path>
	<source>
		<database>Unknown</database>
	</source>
	<size>
		<width>640</width>
		<height>427</height>
		<depth>3</depth>
	</size>
	<segmented>0</segmented>
	<object>
		<name>ratchet</name>
		<pose>Unspecified</pose>
		<truncated>0</truncated>
		<difficult>0</difficult>
		<bndbox>
			<xmin>253</xmin>
			<ymin>330</ymin>
			<xmax>492</xmax>
			<ymax>409</ymax>
		</bndbox>
	</object>
	<object>
		<name>ratchet</name>
		<pose>Unspecified</pose>
		<truncated>0</truncated>
		<difficult>0</difficult>
		<bndbox>
			<xmin>182</xmin>
			<ymin>260</ymin>
			<xmax>521</xmax>
			<ymax>323</ymax>
		</bndbox>
	</object>
	<object>
		<name>ratchet</name>
		<pose>Unspecified</pose>
		<truncated>0</truncated>
		<difficult>0</difficult>
		<bndbox>
			<xmin>121</xmin>
			<ymin>161</ymin>
			<xmax>562</xmax>
			<ymax>244</ymax>
		</bndbox>
	</object>
	<object>
		<name>ratchet</name>
		<pose>Unspecified</pose>
		<truncated>0</truncated>
		<difficult>0</difficult>
		<bndbox>
			<xmin>48</xmin>
			<ymin>13</ymin>
			<xmax>624</xmax>
			<ymax>144</ymax>
		</bndbox>
	</object>
	<object>
		<name>ratchet</name>
		<pose>Unspecified</pose>
		<truncated>0</truncated>
		<difficult>0</difficult>
		<bndbox>
			<xmin>27</xmin>
			<ymin>157</ymin>
			<xmax>236</xmax>
			<ymax>415</ymax>
		</bndbox>
	</object>
</annotation>
