<annotation>
	<folder>Ratchet</folder>
	<filename>5516920825_34ca817371_z.jpg</filename>
	<path>C:\Users\rapha\Desktop\projetoTcc\Ratchet\5516920825_34ca817371_z.jpg</path>
	<source>
		<database>Unknown</database>
	</source>
	<size>
		<width>640</width>
		<height>345</height>
		<depth>3</depth>
	</size>
	<segmented>0</segmented>
	<object>
		<name>ratchet</name>
		<pose>Unspecified</pose>
		<truncated>0</truncated>
		<difficult>0</difficult>
		<bndbox>
			<xmin>46</xmin>
			<ymin>27</ymin>
			<xmax>583</xmax>
			<ymax>330</ymax>
		</bndbox>
	</object>
</annotation>
