<annotation>
	<folder>Ratchet</folder>
	<filename>5997873078_90fa593aef_z.jpg</filename>
	<path>C:\Users\rapha\Desktop\projetoTcc\Ratchet\5997873078_90fa593aef_z.jpg</path>
	<source>
		<database>Unknown</database>
	</source>
	<size>
		<width>640</width>
		<height>459</height>
		<depth>3</depth>
	</size>
	<segmented>0</segmented>
	<object>
		<name>ratchet</name>
		<pose>Unspecified</pose>
		<truncated>0</truncated>
		<difficult>0</difficult>
		<bndbox>
			<xmin>141</xmin>
			<ymin>231</ymin>
			<xmax>554</xmax>
			<ymax>326</ymax>
		</bndbox>
	</object>
</annotation>
