<annotation>
	<folder>Ratchet</folder>
	<filename>6799152783_45cfaf51f2_z.jpg</filename>
	<path>C:\Users\rapha\Desktop\projetoTcc\Ratchet\6799152783_45cfaf51f2_z.jpg</path>
	<source>
		<database>Unknown</database>
	</source>
	<size>
		<width>426</width>
		<height>640</height>
		<depth>3</depth>
	</size>
	<segmented>0</segmented>
	<object>
		<name>ratchet</name>
		<pose>Unspecified</pose>
		<truncated>0</truncated>
		<difficult>0</difficult>
		<bndbox>
			<xmin>29</xmin>
			<ymin>402</ymin>
			<xmax>373</xmax>
			<ymax>575</ymax>
		</bndbox>
	</object>
</annotation>
