<annotation>
	<folder>Ratchet</folder>
	<filename>6888485448_44f6c27248_z.jpg</filename>
	<path>C:\Users\rapha\Desktop\projetoTcc\Ratchet\6888485448_44f6c27248_z.jpg</path>
	<source>
		<database>Unknown</database>
	</source>
	<size>
		<width>640</width>
		<height>480</height>
		<depth>3</depth>
	</size>
	<segmented>0</segmented>
	<object>
		<name>ratchet</name>
		<pose>Unspecified</pose>
		<truncated>0</truncated>
		<difficult>0</difficult>
		<bndbox>
			<xmin>129</xmin>
			<ymin>228</ymin>
			<xmax>396</xmax>
			<ymax>297</ymax>
		</bndbox>
	</object>
</annotation>
