<annotation>
	<folder>Ratchet</folder>
	<filename>7144754431_93f1efc35d_z.jpg</filename>
	<path>C:\Users\rapha\Desktop\projetoTcc\Ratchet\7144754431_93f1efc35d_z.jpg</path>
	<source>
		<database>Unknown</database>
	</source>
	<size>
		<width>640</width>
		<height>480</height>
		<depth>3</depth>
	</size>
	<segmented>0</segmented>
	<object>
		<name>ratchet</name>
		<pose>Unspecified</pose>
		<truncated>0</truncated>
		<difficult>0</difficult>
		<bndbox>
			<xmin>66</xmin>
			<ymin>133</ymin>
			<xmax>283</xmax>
			<ymax>185</ymax>
		</bndbox>
	</object>
</annotation>
