<annotation>
	<folder>Ratchet</folder>
	<filename>8468732234_a687c5e725_z.jpg</filename>
	<path>C:\Users\rapha\Desktop\projetoTcc\Ratchet\8468732234_a687c5e725_z.jpg</path>
	<source>
		<database>Unknown</database>
	</source>
	<size>
		<width>640</width>
		<height>424</height>
		<depth>3</depth>
	</size>
	<segmented>0</segmented>
	<object>
		<name>ratchet</name>
		<pose>Unspecified</pose>
		<truncated>0</truncated>
		<difficult>0</difficult>
		<bndbox>
			<xmin>59</xmin>
			<ymin>149</ymin>
			<xmax>598</xmax>
			<ymax>277</ymax>
		</bndbox>
	</object>
</annotation>
