<annotation>
	<folder>Ratchet</folder>
	<filename>8629717841_46a9a7a625_z.jpg</filename>
	<path>C:\Users\rapha\Desktop\projetoTcc\Ratchet\8629717841_46a9a7a625_z.jpg</path>
	<source>
		<database>Unknown</database>
	</source>
	<size>
		<width>640</width>
		<height>480</height>
		<depth>1</depth>
	</size>
	<segmented>0</segmented>
	<object>
		<name>ratchet</name>
		<pose>Unspecified</pose>
		<truncated>0</truncated>
		<difficult>0</difficult>
		<bndbox>
			<xmin>70</xmin>
			<ymin>135</ymin>
			<xmax>615</xmax>
			<ymax>454</ymax>
		</bndbox>
	</object>
</annotation>
