<annotation>
	<folder>Ratchet</folder>
	<filename>9431062947_8ff5537c05_z.jpg</filename>
	<path>C:\Users\rapha\Desktop\projetoTcc\Ratchet\9431062947_8ff5537c05_z.jpg</path>
	<source>
		<database>Unknown</database>
	</source>
	<size>
		<width>640</width>
		<height>427</height>
		<depth>3</depth>
	</size>
	<segmented>0</segmented>
	<object>
		<name>ratchet</name>
		<pose>Unspecified</pose>
		<truncated>0</truncated>
		<difficult>0</difficult>
		<bndbox>
			<xmin>339</xmin>
			<ymin>3</ymin>
			<xmax>378</xmax>
			<ymax>231</ymax>
		</bndbox>
	</object>
	<object>
		<name>ratchet</name>
		<pose>Unspecified</pose>
		<truncated>0</truncated>
		<difficult>0</difficult>
		<bndbox>
			<xmin>284</xmin>
			<ymin>9</ymin>
			<xmax>330</xmax>
			<ymax>228</ymax>
		</bndbox>
	</object>
	<object>
		<name>ratchet</name>
		<pose>Unspecified</pose>
		<truncated>0</truncated>
		<difficult>0</difficult>
		<bndbox>
			<xmin>248</xmin>
			<ymin>13</ymin>
			<xmax>290</xmax>
			<ymax>222</ymax>
		</bndbox>
	</object>
	<object>
		<name>ratchet</name>
		<pose>Unspecified</pose>
		<truncated>0</truncated>
		<difficult>0</difficult>
		<bndbox>
			<xmin>219</xmin>
			<ymin>13</ymin>
			<xmax>251</xmax>
			<ymax>205</ymax>
		</bndbox>
	</object>
	<object>
		<name>ratchet</name>
		<pose>Unspecified</pose>
		<truncated>0</truncated>
		<difficult>0</difficult>
		<bndbox>
			<xmin>187</xmin>
			<ymin>11</ymin>
			<xmax>219</xmax>
			<ymax>174</ymax>
		</bndbox>
	</object>
	<object>
		<name>ratchet</name>
		<pose>Unspecified</pose>
		<truncated>0</truncated>
		<difficult>0</difficult>
		<bndbox>
			<xmin>166</xmin>
			<ymin>7</ymin>
			<xmax>195</xmax>
			<ymax>176</ymax>
		</bndbox>
	</object>
	<object>
		<name>ratchet</name>
		<pose>Unspecified</pose>
		<truncated>0</truncated>
		<difficult>0</difficult>
		<bndbox>
			<xmin>142</xmin>
			<ymin>10</ymin>
			<xmax>168</xmax>
			<ymax>194</ymax>
		</bndbox>
	</object>
	<object>
		<name>ratchet</name>
		<pose>Unspecified</pose>
		<truncated>0</truncated>
		<difficult>0</difficult>
		<bndbox>
			<xmin>117</xmin>
			<ymin>7</ymin>
			<xmax>145</xmax>
			<ymax>204</ymax>
		</bndbox>
	</object>
	<object>
		<name>ratchet</name>
		<pose>Unspecified</pose>
		<truncated>0</truncated>
		<difficult>0</difficult>
		<bndbox>
			<xmin>91</xmin>
			<ymin>4</ymin>
			<xmax>121</xmax>
			<ymax>208</ymax>
		</bndbox>
	</object>
	<object>
		<name>ratchet</name>
		<pose>Unspecified</pose>
		<truncated>0</truncated>
		<difficult>0</difficult>
		<bndbox>
			<xmin>64</xmin>
			<ymin>4</ymin>
			<xmax>94</xmax>
			<ymax>216</ymax>
		</bndbox>
	</object>
</annotation>
