<annotation>
	<folder>hammer</folder>
	<filename>100043823_a730ba854b_z.jpg</filename>
	<path>C:\Users\rapha\Desktop\projetoTcc\hammer\100043823_a730ba854b_z.jpg</path>
	<source>
		<database>Unknown</database>
	</source>
	<size>
		<width>640</width>
		<height>640</height>
		<depth>3</depth>
	</size>
	<segmented>0</segmented>
	<object>
		<name>martelo</name>
		<pose>Unspecified</pose>
		<truncated>0</truncated>
		<difficult>0</difficult>
		<bndbox>
			<xmin>7</xmin>
			<ymin>371</ymin>
			<xmax>221</xmax>
			<ymax>481</ymax>
		</bndbox>
	</object>
	<object>
		<name>martelo</name>
		<pose>Unspecified</pose>
		<truncated>0</truncated>
		<difficult>0</difficult>
		<bndbox>
			<xmin>96</xmin>
			<ymin>158</ymin>
			<xmax>303</xmax>
			<ymax>233</ymax>
		</bndbox>
	</object>
	<object>
		<name>martelo</name>
		<pose>Unspecified</pose>
		<truncated>0</truncated>
		<difficult>0</difficult>
		<bndbox>
			<xmin>231</xmin>
			<ymin>71</ymin>
			<xmax>351</xmax>
			<ymax>207</ymax>
		</bndbox>
	</object>
	<object>
		<name>martelo</name>
		<pose>Unspecified</pose>
		<truncated>0</truncated>
		<difficult>0</difficult>
		<bndbox>
			<xmin>534</xmin>
			<ymin>360</ymin>
			<xmax>613</xmax>
			<ymax>554</ymax>
		</bndbox>
	</object>
</annotation>
