<annotation>
	<folder>hammer</folder>
	<filename>10295324316_93ba1a5f21_z.jpg</filename>
	<path>C:\Users\rapha\Desktop\projetoTcc\hammer\10295324316_93ba1a5f21_z.jpg</path>
	<source>
		<database>Unknown</database>
	</source>
	<size>
		<width>640</width>
		<height>427</height>
		<depth>3</depth>
	</size>
	<segmented>0</segmented>
	<object>
		<name>martelo</name>
		<pose>Unspecified</pose>
		<truncated>0</truncated>
		<difficult>0</difficult>
		<bndbox>
			<xmin>182</xmin>
			<ymin>161</ymin>
			<xmax>285</xmax>
			<ymax>307</ymax>
		</bndbox>
	</object>
</annotation>
