<annotation>
	<folder>hammer</folder>
	<filename>10826081103_24df178b49_z.jpg</filename>
	<path>C:\Users\rapha\Desktop\projetoTcc\hammer\10826081103_24df178b49_z.jpg</path>
	<source>
		<database>Unknown</database>
	</source>
	<size>
		<width>639</width>
		<height>428</height>
		<depth>3</depth>
	</size>
	<segmented>0</segmented>
	<object>
		<name>martelo</name>
		<pose>Unspecified</pose>
		<truncated>0</truncated>
		<difficult>0</difficult>
		<bndbox>
			<xmin>367</xmin>
			<ymin>48</ymin>
			<xmax>597</xmax>
			<ymax>341</ymax>
		</bndbox>
	</object>
</annotation>
