<annotation>
	<folder>hammer</folder>
	<filename>10980826455_7fa2f8ff5b_z.jpg</filename>
	<path>C:\Users\rapha\Desktop\projetoTcc\hammer\10980826455_7fa2f8ff5b_z.jpg</path>
	<source>
		<database>Unknown</database>
	</source>
	<size>
		<width>640</width>
		<height>427</height>
		<depth>3</depth>
	</size>
	<segmented>0</segmented>
	<object>
		<name>martelo</name>
		<pose>Unspecified</pose>
		<truncated>0</truncated>
		<difficult>0</difficult>
		<bndbox>
			<xmin>36</xmin>
			<ymin>103</ymin>
			<xmax>447</xmax>
			<ymax>379</ymax>
		</bndbox>
	</object>
</annotation>
