<annotation>
	<folder>hammer</folder>
	<filename>11061690083_14afc3f0c3_z.jpg</filename>
	<path>C:\Users\rapha\Desktop\projetoTcc\hammer\11061690083_14afc3f0c3_z.jpg</path>
	<source>
		<database>Unknown</database>
	</source>
	<size>
		<width>640</width>
		<height>426</height>
		<depth>3</depth>
	</size>
	<segmented>0</segmented>
	<object>
		<name>martelo</name>
		<pose>Unspecified</pose>
		<truncated>1</truncated>
		<difficult>0</difficult>
		<bndbox>
			<xmin>2</xmin>
			<ymin>178</ymin>
			<xmax>217</xmax>
			<ymax>426</ymax>
		</bndbox>
	</object>
</annotation>
