<annotation>
	<folder>hammer</folder>
	<filename>11484771466_59eec55de9_z.jpg</filename>
	<path>C:\Users\rapha\Desktop\projetoTcc\hammer\11484771466_59eec55de9_z.jpg</path>
	<source>
		<database>Unknown</database>
	</source>
	<size>
		<width>640</width>
		<height>427</height>
		<depth>3</depth>
	</size>
	<segmented>0</segmented>
	<object>
		<name>martelo</name>
		<pose>Unspecified</pose>
		<truncated>0</truncated>
		<difficult>0</difficult>
		<bndbox>
			<xmin>3</xmin>
			<ymin>3</ymin>
			<xmax>344</xmax>
			<ymax>371</ymax>
		</bndbox>
	</object>
</annotation>
