<annotation>
	<folder>hammer</folder>
	<filename>11714497953_ab47e30790_z.jpg</filename>
	<path>C:\Users\rapha\Desktop\projetoTcc\hammer\11714497953_ab47e30790_z.jpg</path>
	<source>
		<database>Unknown</database>
	</source>
	<size>
		<width>640</width>
		<height>482</height>
		<depth>3</depth>
	</size>
	<segmented>0</segmented>
	<object>
		<name>martelo</name>
		<pose>Unspecified</pose>
		<truncated>0</truncated>
		<difficult>0</difficult>
		<bndbox>
			<xmin>163</xmin>
			<ymin>21</ymin>
			<xmax>480</xmax>
			<ymax>145</ymax>
		</bndbox>
	</object>
</annotation>
