<annotation>
	<folder>hammer</folder>
	<filename>13668789444_03f54d4a3e_z.jpg</filename>
	<path>C:\Users\rapha\Desktop\projetoTcc\hammer\13668789444_03f54d4a3e_z.jpg</path>
	<source>
		<database>Unknown</database>
	</source>
	<size>
		<width>639</width>
		<height>426</height>
		<depth>3</depth>
	</size>
	<segmented>0</segmented>
	<object>
		<name>martelo</name>
		<pose>Unspecified</pose>
		<truncated>0</truncated>
		<difficult>0</difficult>
		<bndbox>
			<xmin>46</xmin>
			<ymin>6</ymin>
			<xmax>541</xmax>
			<ymax>388</ymax>
		</bndbox>
	</object>
</annotation>
