<annotation>
	<folder>hammer</folder>
	<filename>13710367285_65afb47d39_z.jpg</filename>
	<path>C:\Users\rapha\Desktop\projetoTcc\hammer\13710367285_65afb47d39_z.jpg</path>
	<source>
		<database>Unknown</database>
	</source>
	<size>
		<width>640</width>
		<height>640</height>
		<depth>3</depth>
	</size>
	<segmented>0</segmented>
	<object>
		<name>martelo</name>
		<pose>Unspecified</pose>
		<truncated>1</truncated>
		<difficult>0</difficult>
		<bndbox>
			<xmin>199</xmin>
			<ymin>175</ymin>
			<xmax>624</xmax>
			<ymax>640</ymax>
		</bndbox>
	</object>
</annotation>
