<annotation>
	<folder>hammer</folder>
	<filename>13763485003_1a34e3fe7c_o.jpg</filename>
	<path>C:\Users\rapha\Desktop\projetoTcc\hammer\13763485003_1a34e3fe7c_o.jpg</path>
	<source>
		<database>Unknown</database>
	</source>
	<size>
		<width>3872</width>
		<height>2592</height>
		<depth>3</depth>
	</size>
	<segmented>0</segmented>
	<object>
		<name>martelo</name>
		<pose>Unspecified</pose>
		<truncated>0</truncated>
		<difficult>0</difficult>
		<bndbox>
			<xmin>651</xmin>
			<ymin>293</ymin>
			<xmax>3382</xmax>
			<ymax>1173</ymax>
		</bndbox>
	</object>
</annotation>
