<annotation>
	<folder>hammer</folder>
	<filename>13784127895_fd2c6995b2_z.jpg</filename>
	<path>C:\Users\rapha\Desktop\projetoTcc\hammer\13784127895_fd2c6995b2_z.jpg</path>
	<source>
		<database>Unknown</database>
	</source>
	<size>
		<width>639</width>
		<height>428</height>
		<depth>3</depth>
	</size>
	<segmented>0</segmented>
	<object>
		<name>martelo</name>
		<pose>Unspecified</pose>
		<truncated>0</truncated>
		<difficult>0</difficult>
		<bndbox>
			<xmin>46</xmin>
			<ymin>74</ymin>
			<xmax>597</xmax>
			<ymax>289</ymax>
		</bndbox>
	</object>
</annotation>
