<annotation>
	<folder>hammer</folder>
	<filename>14085096443_1a8c442034_o.jpg</filename>
	<path>C:\Users\rapha\Desktop\projetoTcc\hammer\14085096443_1a8c442034_o.jpg</path>
	<source>
		<database>Unknown</database>
	</source>
	<size>
		<width>3872</width>
		<height>2592</height>
		<depth>3</depth>
	</size>
	<segmented>0</segmented>
	<object>
		<name>martelo</name>
		<pose>Unspecified</pose>
		<truncated>0</truncated>
		<difficult>0</difficult>
		<bndbox>
			<xmin>98</xmin>
			<ymin>1151</ymin>
			<xmax>3793</xmax>
			<ymax>2279</ymax>
		</bndbox>
	</object>
</annotation>
