<annotation>
	<folder>hammer</folder>
	<filename>14245213353_b5963f8a6f_z.jpg</filename>
	<path>C:\Users\rapha\Desktop\projetoTcc\hammer\14245213353_b5963f8a6f_z.jpg</path>
	<source>
		<database>Unknown</database>
	</source>
	<size>
		<width>480</width>
		<height>640</height>
		<depth>3</depth>
	</size>
	<segmented>0</segmented>
	<object>
		<name>martelo</name>
		<pose>Unspecified</pose>
		<truncated>0</truncated>
		<difficult>0</difficult>
		<bndbox>
			<xmin>4</xmin>
			<ymin>83</ymin>
			<xmax>293</xmax>
			<ymax>627</ymax>
		</bndbox>
	</object>
</annotation>
