<annotation>
	<folder>hammer</folder>
	<filename>14450785464_d5483e6774_z.jpg</filename>
	<path>C:\Users\rapha\Desktop\projetoTcc\hammer\14450785464_d5483e6774_z.jpg</path>
	<source>
		<database>Unknown</database>
	</source>
	<size>
		<width>424</width>
		<height>640</height>
		<depth>3</depth>
	</size>
	<segmented>0</segmented>
	<object>
		<name>martelo</name>
		<pose>Unspecified</pose>
		<truncated>0</truncated>
		<difficult>0</difficult>
		<bndbox>
			<xmin>188</xmin>
			<ymin>196</ymin>
			<xmax>282</xmax>
			<ymax>340</ymax>
		</bndbox>
	</object>
</annotation>
