<annotation>
	<folder>hammer</folder>
	<filename>14598230194_4c6cdb3c60_z.jpg</filename>
	<path>C:\Users\rapha\Desktop\projetoTcc\hammer\14598230194_4c6cdb3c60_z.jpg</path>
	<source>
		<database>Unknown</database>
	</source>
	<size>
		<width>640</width>
		<height>640</height>
		<depth>3</depth>
	</size>
	<segmented>0</segmented>
	<object>
		<name>martelo</name>
		<pose>Unspecified</pose>
		<truncated>0</truncated>
		<difficult>0</difficult>
		<bndbox>
			<xmin>11</xmin>
			<ymin>152</ymin>
			<xmax>234</xmax>
			<ymax>591</ymax>
		</bndbox>
	</object>
</annotation>
