<annotation>
	<folder>hammer</folder>
	<filename>14645810192_ecb1f67f00_z.jpg</filename>
	<path>C:\Users\rapha\Desktop\projetoTcc\hammer\14645810192_ecb1f67f00_z.jpg</path>
	<source>
		<database>Unknown</database>
	</source>
	<size>
		<width>640</width>
		<height>428</height>
		<depth>3</depth>
	</size>
	<segmented>0</segmented>
	<object>
		<name>martelo</name>
		<pose>Unspecified</pose>
		<truncated>1</truncated>
		<difficult>0</difficult>
		<bndbox>
			<xmin>202</xmin>
			<ymin>141</ymin>
			<xmax>327</xmax>
			<ymax>428</ymax>
		</bndbox>
	</object>
	<object>
		<name>martelo</name>
		<pose>Unspecified</pose>
		<truncated>1</truncated>
		<difficult>0</difficult>
		<bndbox>
			<xmin>334</xmin>
			<ymin>137</ymin>
			<xmax>421</xmax>
			<ymax>428</ymax>
		</bndbox>
	</object>
	<object>
		<name>martelo</name>
		<pose>Unspecified</pose>
		<truncated>0</truncated>
		<difficult>0</difficult>
		<bndbox>
			<xmin>393</xmin>
			<ymin>128</ymin>
			<xmax>447</xmax>
			<ymax>369</ymax>
		</bndbox>
	</object>
	<object>
		<name>martelo</name>
		<pose>Unspecified</pose>
		<truncated>0</truncated>
		<difficult>0</difficult>
		<bndbox>
			<xmin>431</xmin>
			<ymin>136</ymin>
			<xmax>470</xmax>
			<ymax>362</ymax>
		</bndbox>
	</object>
	<object>
		<name>martelo</name>
		<pose>Unspecified</pose>
		<truncated>0</truncated>
		<difficult>0</difficult>
		<bndbox>
			<xmin>454</xmin>
			<ymin>144</ymin>
			<xmax>491</xmax>
			<ymax>351</ymax>
		</bndbox>
	</object>
</annotation>
