<annotation>
	<folder>hammer</folder>
	<filename>15173582836_b36ca631ce_z.jpg</filename>
	<path>C:\Users\rapha\Desktop\projetoTcc\hammer\15173582836_b36ca631ce_z.jpg</path>
	<source>
		<database>Unknown</database>
	</source>
	<size>
		<width>639</width>
		<height>478</height>
		<depth>1</depth>
	</size>
	<segmented>0</segmented>
	<object>
		<name>martelo</name>
		<pose>Unspecified</pose>
		<truncated>0</truncated>
		<difficult>0</difficult>
		<bndbox>
			<xmin>206</xmin>
			<ymin>101</ymin>
			<xmax>384</xmax>
			<ymax>243</ymax>
		</bndbox>
	</object>
</annotation>
