<annotation>
	<folder>hammer</folder>
	<filename>15753529220_d897377326_z.jpg</filename>
	<path>C:\Users\rapha\Desktop\projetoTcc\hammer\15753529220_d897377326_z.jpg</path>
	<source>
		<database>Unknown</database>
	</source>
	<size>
		<width>640</width>
		<height>427</height>
		<depth>3</depth>
	</size>
	<segmented>0</segmented>
	<object>
		<name>martelo</name>
		<pose>Unspecified</pose>
		<truncated>0</truncated>
		<difficult>0</difficult>
		<bndbox>
			<xmin>287</xmin>
			<ymin>2</ymin>
			<xmax>474</xmax>
			<ymax>107</ymax>
		</bndbox>
	</object>
</annotation>
