<annotation>
	<folder>hammer</folder>
	<filename>15903349423_a421d13bf2_z.jpg</filename>
	<path>C:\Users\rapha\Desktop\projetoTcc\hammer\15903349423_a421d13bf2_z.jpg</path>
	<source>
		<database>Unknown</database>
	</source>
	<size>
		<width>640</width>
		<height>360</height>
		<depth>3</depth>
	</size>
	<segmented>0</segmented>
	<object>
		<name>martelo</name>
		<pose>Unspecified</pose>
		<truncated>0</truncated>
		<difficult>0</difficult>
		<bndbox>
			<xmin>81</xmin>
			<ymin>131</ymin>
			<xmax>211</xmax>
			<ymax>354</ymax>
		</bndbox>
	</object>
	<object>
		<name>martelo</name>
		<pose>Unspecified</pose>
		<truncated>0</truncated>
		<difficult>0</difficult>
		<bndbox>
			<xmin>214</xmin>
			<ymin>62</ymin>
			<xmax>379</xmax>
			<ymax>280</ymax>
		</bndbox>
	</object>
	<object>
		<name>martelo</name>
		<pose>Unspecified</pose>
		<truncated>0</truncated>
		<difficult>0</difficult>
		<bndbox>
			<xmin>398</xmin>
			<ymin>64</ymin>
			<xmax>594</xmax>
			<ymax>248</ymax>
		</bndbox>
	</object>
	<object>
		<name>martelo</name>
		<pose>Unspecified</pose>
		<truncated>0</truncated>
		<difficult>0</difficult>
		<bndbox>
			<xmin>344</xmin>
			<ymin>15</ymin>
			<xmax>561</xmax>
			<ymax>80</ymax>
		</bndbox>
	</object>
</annotation>
