<annotation>
	<folder>hammer</folder>
	<filename>15947473143_093d246b50_z.jpg</filename>
	<path>C:\Users\rapha\Desktop\projetoTcc\hammer\15947473143_093d246b50_z.jpg</path>
	<source>
		<database>Unknown</database>
	</source>
	<size>
		<width>480</width>
		<height>640</height>
		<depth>3</depth>
	</size>
	<segmented>0</segmented>
	<object>
		<name>martelo</name>
		<pose>Unspecified</pose>
		<truncated>0</truncated>
		<difficult>0</difficult>
		<bndbox>
			<xmin>79</xmin>
			<ymin>69</ymin>
			<xmax>199</xmax>
			<ymax>533</ymax>
		</bndbox>
	</object>
	<object>
		<name>martelo</name>
		<pose>Unspecified</pose>
		<truncated>0</truncated>
		<difficult>0</difficult>
		<bndbox>
			<xmin>233</xmin>
			<ymin>85</ymin>
			<xmax>357</xmax>
			<ymax>542</ymax>
		</bndbox>
	</object>
</annotation>
