<annotation>
	<folder>hammer</folder>
	<filename>16029034089_cf3541f649_o.jpg</filename>
	<path>C:\Users\rapha\Desktop\projetoTcc\hammer\16029034089_cf3541f649_o.jpg</path>
	<source>
		<database>Unknown</database>
	</source>
	<size>
		<width>3247</width>
		<height>2509</height>
		<depth>3</depth>
	</size>
	<segmented>0</segmented>
	<object>
		<name>martelo</name>
		<pose>Unspecified</pose>
		<truncated>0</truncated>
		<difficult>0</difficult>
		<bndbox>
			<xmin>446</xmin>
			<ymin>27</ymin>
			<xmax>1579</xmax>
			<ymax>1084</ymax>
		</bndbox>
	</object>
</annotation>
