<annotation>
	<folder>hammer</folder>
	<filename>17828563486_7f32fc8e98_z.jpg</filename>
	<path>C:\Users\rapha\Desktop\projetoTcc\hammer\17828563486_7f32fc8e98_z.jpg</path>
	<source>
		<database>Unknown</database>
	</source>
	<size>
		<width>480</width>
		<height>640</height>
		<depth>3</depth>
	</size>
	<segmented>0</segmented>
	<object>
		<name>martelo</name>
		<pose>Unspecified</pose>
		<truncated>0</truncated>
		<difficult>0</difficult>
		<bndbox>
			<xmin>112</xmin>
			<ymin>117</ymin>
			<xmax>359</xmax>
			<ymax>582</ymax>
		</bndbox>
	</object>
</annotation>
