<annotation>
	<folder>hammer</folder>
	<filename>183930977_2cdc880839_z.jpg</filename>
	<path>C:\Users\rapha\Desktop\projetoTcc\hammer\183930977_2cdc880839_z.jpg</path>
	<source>
		<database>Unknown</database>
	</source>
	<size>
		<width>640</width>
		<height>426</height>
		<depth>1</depth>
	</size>
	<segmented>0</segmented>
	<object>
		<name>martelo</name>
		<pose>Unspecified</pose>
		<truncated>1</truncated>
		<difficult>0</difficult>
		<bndbox>
			<xmin>91</xmin>
			<ymin>79</ymin>
			<xmax>553</xmax>
			<ymax>426</ymax>
		</bndbox>
	</object>
</annotation>
