<annotation>
	<folder>hammer</folder>
	<filename>18436332568_2a4feaf68d_z.jpg</filename>
	<path>C:\Users\rapha\Desktop\projetoTcc\hammer\18436332568_2a4feaf68d_z.jpg</path>
	<source>
		<database>Unknown</database>
	</source>
	<size>
		<width>639</width>
		<height>428</height>
		<depth>3</depth>
	</size>
	<segmented>0</segmented>
	<object>
		<name>martelo</name>
		<pose>Unspecified</pose>
		<truncated>0</truncated>
		<difficult>0</difficult>
		<bndbox>
			<xmin>130</xmin>
			<ymin>6</ymin>
			<xmax>488</xmax>
			<ymax>109</ymax>
		</bndbox>
	</object>
</annotation>
