<annotation>
	<folder>hammer</folder>
	<filename>18500866369_d7304095db_z.jpg</filename>
	<path>C:\Users\rapha\Desktop\projetoTcc\hammer\18500866369_d7304095db_z.jpg</path>
	<source>
		<database>Unknown</database>
	</source>
	<size>
		<width>606</width>
		<height>640</height>
		<depth>3</depth>
	</size>
	<segmented>0</segmented>
	<object>
		<name>martelo</name>
		<pose>Unspecified</pose>
		<truncated>1</truncated>
		<difficult>0</difficult>
		<bndbox>
			<xmin>348</xmin>
			<ymin>227</ymin>
			<xmax>567</xmax>
			<ymax>640</ymax>
		</bndbox>
	</object>
</annotation>
