<annotation>
	<folder>hammer</folder>
	<filename>18957727791_ecece0be35_z.jpg</filename>
	<path>C:\Users\rapha\Desktop\projetoTcc\hammer\18957727791_ecece0be35_z.jpg</path>
	<source>
		<database>Unknown</database>
	</source>
	<size>
		<width>640</width>
		<height>640</height>
		<depth>1</depth>
	</size>
	<segmented>0</segmented>
	<object>
		<name>martelo</name>
		<pose>Unspecified</pose>
		<truncated>0</truncated>
		<difficult>0</difficult>
		<bndbox>
			<xmin>176</xmin>
			<ymin>139</ymin>
			<xmax>297</xmax>
			<ymax>556</ymax>
		</bndbox>
	</object>
</annotation>
