<annotation>
	<folder>hammer</folder>
	<filename>207102084_79747d8a40_z.jpg</filename>
	<path>C:\Users\rapha\Desktop\projetoTcc\hammer\207102084_79747d8a40_z.jpg</path>
	<source>
		<database>Unknown</database>
	</source>
	<size>
		<width>405</width>
		<height>640</height>
		<depth>3</depth>
	</size>
	<segmented>0</segmented>
	<object>
		<name>martelo</name>
		<pose>Unspecified</pose>
		<truncated>1</truncated>
		<difficult>0</difficult>
		<bndbox>
			<xmin>82</xmin>
			<ymin>6</ymin>
			<xmax>405</xmax>
			<ymax>371</ymax>
		</bndbox>
	</object>
</annotation>
