<annotation>
	<folder>hammer</folder>
	<filename>2168414155_40a89dec30_z.jpg</filename>
	<path>C:\Users\rapha\Desktop\projetoTcc\hammer\2168414155_40a89dec30_z.jpg</path>
	<source>
		<database>Unknown</database>
	</source>
	<size>
		<width>639</width>
		<height>234</height>
		<depth>3</depth>
	</size>
	<segmented>0</segmented>
	<object>
		<name>martelo</name>
		<pose>Unspecified</pose>
		<truncated>0</truncated>
		<difficult>0</difficult>
		<bndbox>
			<xmin>4</xmin>
			<ymin>5</ymin>
			<xmax>633</xmax>
			<ymax>232</ymax>
		</bndbox>
	</object>
</annotation>
