<annotation>
	<folder>hammer</folder>
	<filename>231058538_91414db280_z.jpg</filename>
	<path>C:\Users\rapha\Desktop\projetoTcc\hammer\231058538_91414db280_z.jpg</path>
	<source>
		<database>Unknown</database>
	</source>
	<size>
		<width>640</width>
		<height>575</height>
		<depth>3</depth>
	</size>
	<segmented>0</segmented>
	<object>
		<name>martelo</name>
		<pose>Unspecified</pose>
		<truncated>0</truncated>
		<difficult>0</difficult>
		<bndbox>
			<xmin>150</xmin>
			<ymin>145</ymin>
			<xmax>533</xmax>
			<ymax>228</ymax>
		</bndbox>
	</object>
</annotation>
