<annotation>
	<folder>hammer</folder>
	<filename>2313353249_d556cf621a_z.jpg</filename>
	<path>C:\Users\rapha\Desktop\projetoTcc\hammer\2313353249_d556cf621a_z.jpg</path>
	<source>
		<database>Unknown</database>
	</source>
	<size>
		<width>480</width>
		<height>640</height>
		<depth>3</depth>
	</size>
	<segmented>0</segmented>
	<object>
		<name>martelo</name>
		<pose>Unspecified</pose>
		<truncated>1</truncated>
		<difficult>0</difficult>
		<bndbox>
			<xmin>288</xmin>
			<ymin>323</ymin>
			<xmax>480</xmax>
			<ymax>635</ymax>
		</bndbox>
	</object>
</annotation>
