<annotation>
	<folder>hammer</folder>
	<filename>2428134222_6a968c2edb_z.jpg</filename>
	<path>C:\Users\rapha\Desktop\projetoTcc\hammer\2428134222_6a968c2edb_z.jpg</path>
	<source>
		<database>Unknown</database>
	</source>
	<size>
		<width>640</width>
		<height>480</height>
		<depth>3</depth>
	</size>
	<segmented>0</segmented>
	<object>
		<name>martelo</name>
		<pose>Unspecified</pose>
		<truncated>1</truncated>
		<difficult>0</difficult>
		<bndbox>
			<xmin>25</xmin>
			<ymin>58</ymin>
			<xmax>366</xmax>
			<ymax>480</ymax>
		</bndbox>
	</object>
	<object>
		<name>martelo</name>
		<pose>Unspecified</pose>
		<truncated>0</truncated>
		<difficult>0</difficult>
		<bndbox>
			<xmin>406</xmin>
			<ymin>232</ymin>
			<xmax>620</xmax>
			<ymax>457</ymax>
		</bndbox>
	</object>
</annotation>
