<annotation>
	<folder>hammer</folder>
	<filename>2712540324_e566a98c18_o.jpg</filename>
	<path>C:\Users\rapha\Desktop\projetoTcc\hammer\2712540324_e566a98c18_o.jpg</path>
	<source>
		<database>Unknown</database>
	</source>
	<size>
		<width>1600</width>
		<height>1200</height>
		<depth>3</depth>
	</size>
	<segmented>0</segmented>
	<object>
		<name>martelo</name>
		<pose>Unspecified</pose>
		<truncated>0</truncated>
		<difficult>0</difficult>
		<bndbox>
			<xmin>740</xmin>
			<ymin>19</ymin>
			<xmax>1311</xmax>
			<ymax>890</ymax>
		</bndbox>
	</object>
</annotation>
