<annotation>
	<folder>hammer</folder>
	<filename>3006328693_2534f6ae19_z.jpg</filename>
	<path>C:\Users\rapha\Desktop\projetoTcc\hammer\3006328693_2534f6ae19_z.jpg</path>
	<source>
		<database>Unknown</database>
	</source>
	<size>
		<width>640</width>
		<height>427</height>
		<depth>3</depth>
	</size>
	<segmented>0</segmented>
	<object>
		<name>martelo</name>
		<pose>Unspecified</pose>
		<truncated>0</truncated>
		<difficult>0</difficult>
		<bndbox>
			<xmin>263</xmin>
			<ymin>123</ymin>
			<xmax>385</xmax>
			<ymax>258</ymax>
		</bndbox>
	</object>
</annotation>
