<annotation>
	<folder>hammer</folder>
	<filename>3242362110_44d1369831_z.jpg</filename>
	<path>C:\Users\rapha\Desktop\projetoTcc\hammer\3242362110_44d1369831_z.jpg</path>
	<source>
		<database>Unknown</database>
	</source>
	<size>
		<width>640</width>
		<height>427</height>
		<depth>3</depth>
	</size>
	<segmented>0</segmented>
	<object>
		<name>martelo</name>
		<pose>Unspecified</pose>
		<truncated>0</truncated>
		<difficult>0</difficult>
		<bndbox>
			<xmin>63</xmin>
			<ymin>7</ymin>
			<xmax>362</xmax>
			<ymax>311</ymax>
		</bndbox>
	</object>
</annotation>
