<annotation>
	<folder>hammer</folder>
	<filename>3432330692_ff0800b553_z.jpg</filename>
	<path>C:\Users\rapha\Desktop\projetoTcc\hammer\3432330692_ff0800b553_z.jpg</path>
	<source>
		<database>Unknown</database>
	</source>
	<size>
		<width>640</width>
		<height>480</height>
		<depth>3</depth>
	</size>
	<segmented>0</segmented>
	<object>
		<name>martelo</name>
		<pose>Unspecified</pose>
		<truncated>0</truncated>
		<difficult>0</difficult>
		<bndbox>
			<xmin>2</xmin>
			<ymin>73</ymin>
			<xmax>354</xmax>
			<ymax>454</ymax>
		</bndbox>
	</object>
</annotation>
