<annotation>
	<folder>hammer</folder>
	<filename>350774304_98bc2dc251_z.jpg</filename>
	<path>C:\Users\rapha\Desktop\projetoTcc\hammer\350774304_98bc2dc251_z.jpg</path>
	<source>
		<database>Unknown</database>
	</source>
	<size>
		<width>640</width>
		<height>639</height>
		<depth>3</depth>
	</size>
	<segmented>0</segmented>
	<object>
		<name>martelo</name>
		<pose>Unspecified</pose>
		<truncated>0</truncated>
		<difficult>0</difficult>
		<bndbox>
			<xmin>171</xmin>
			<ymin>394</ymin>
			<xmax>632</xmax>
			<ymax>598</ymax>
		</bndbox>
	</object>
</annotation>
