<annotation>
	<folder>hammer</folder>
	<filename>3556327087_b9f2a7d49d_z.jpg</filename>
	<path>C:\Users\rapha\Desktop\projetoTcc\hammer\3556327087_b9f2a7d49d_z.jpg</path>
	<source>
		<database>Unknown</database>
	</source>
	<size>
		<width>640</width>
		<height>426</height>
		<depth>3</depth>
	</size>
	<segmented>0</segmented>
	<object>
		<name>martelo</name>
		<pose>Unspecified</pose>
		<truncated>0</truncated>
		<difficult>0</difficult>
		<bndbox>
			<xmin>161</xmin>
			<ymin>178</ymin>
			<xmax>636</xmax>
			<ymax>417</ymax>
		</bndbox>
	</object>
</annotation>
