<annotation>
	<folder>hammer</folder>
	<filename>372812294_097a28a288_z.jpg</filename>
	<path>C:\Users\rapha\Desktop\projetoTcc\hammer\372812294_097a28a288_z.jpg</path>
	<source>
		<database>Unknown</database>
	</source>
	<size>
		<width>640</width>
		<height>480</height>
		<depth>3</depth>
	</size>
	<segmented>0</segmented>
	<object>
		<name>martelo</name>
		<pose>Unspecified</pose>
		<truncated>0</truncated>
		<difficult>0</difficult>
		<bndbox>
			<xmin>253</xmin>
			<ymin>54</ymin>
			<xmax>360</xmax>
			<ymax>184</ymax>
		</bndbox>
	</object>
</annotation>
