<annotation>
	<folder>hammer</folder>
	<filename>4188063422_650f6d6785_z.jpg</filename>
	<path>C:\Users\rapha\Desktop\projetoTcc\hammer\4188063422_650f6d6785_z.jpg</path>
	<source>
		<database>Unknown</database>
	</source>
	<size>
		<width>425</width>
		<height>640</height>
		<depth>3</depth>
	</size>
	<segmented>0</segmented>
	<object>
		<name>martelo</name>
		<pose>Unspecified</pose>
		<truncated>0</truncated>
		<difficult>0</difficult>
		<bndbox>
			<xmin>81</xmin>
			<ymin>12</ymin>
			<xmax>360</xmax>
			<ymax>153</ymax>
		</bndbox>
	</object>
</annotation>
