<annotation>
	<folder>hammer</folder>
	<filename>4193295678_362ce3d606_z.jpg</filename>
	<path>C:\Users\rapha\Desktop\projetoTcc\hammer\4193295678_362ce3d606_z.jpg</path>
	<source>
		<database>Unknown</database>
	</source>
	<size>
		<width>640</width>
		<height>360</height>
		<depth>3</depth>
	</size>
	<segmented>0</segmented>
	<object>
		<name>martelo</name>
		<pose>Unspecified</pose>
		<truncated>0</truncated>
		<difficult>0</difficult>
		<bndbox>
			<xmin>41</xmin>
			<ymin>74</ymin>
			<xmax>516</xmax>
			<ymax>217</ymax>
		</bndbox>
	</object>
</annotation>
