<annotation>
	<folder>hammer</folder>
	<filename>4205306233_0639dfef5f_z.jpg</filename>
	<path>C:\Users\rapha\Desktop\projetoTcc\hammer\4205306233_0639dfef5f_z.jpg</path>
	<source>
		<database>Unknown</database>
	</source>
	<size>
		<width>640</width>
		<height>391</height>
		<depth>3</depth>
	</size>
	<segmented>0</segmented>
	<object>
		<name>martelo</name>
		<pose>Unspecified</pose>
		<truncated>0</truncated>
		<difficult>0</difficult>
		<bndbox>
			<xmin>15</xmin>
			<ymin>16</ymin>
			<xmax>622</xmax>
			<ymax>364</ymax>
		</bndbox>
	</object>
</annotation>
