<annotation>
	<folder>hammer</folder>
	<filename>4358859543_4561e7bef8_z.jpg</filename>
	<path>C:\Users\rapha\Desktop\projetoTcc\hammer\4358859543_4561e7bef8_z.jpg</path>
	<source>
		<database>Unknown</database>
	</source>
	<size>
		<width>640</width>
		<height>493</height>
		<depth>1</depth>
	</size>
	<segmented>0</segmented>
	<object>
		<name>martelo</name>
		<pose>Unspecified</pose>
		<truncated>0</truncated>
		<difficult>0</difficult>
		<bndbox>
			<xmin>13</xmin>
			<ymin>82</ymin>
			<xmax>471</xmax>
			<ymax>438</ymax>
		</bndbox>
	</object>
</annotation>
