<annotation>
	<folder>hammer</folder>
	<filename>4449908944_6d20054275_z.jpg</filename>
	<path>C:\Users\rapha\Desktop\projetoTcc\hammer\4449908944_6d20054275_z.jpg</path>
	<source>
		<database>Unknown</database>
	</source>
	<size>
		<width>640</width>
		<height>426</height>
		<depth>3</depth>
	</size>
	<segmented>0</segmented>
	<object>
		<name>martelo</name>
		<pose>Unspecified</pose>
		<truncated>0</truncated>
		<difficult>0</difficult>
		<bndbox>
			<xmin>188</xmin>
			<ymin>267</ymin>
			<xmax>359</xmax>
			<ymax>325</ymax>
		</bndbox>
	</object>
</annotation>
