<annotation>
	<folder>hammer</folder>
	<filename>4933332497_807f12e7c1_z.jpg</filename>
	<path>C:\Users\rapha\Desktop\projetoTcc\hammer\4933332497_807f12e7c1_z.jpg</path>
	<source>
		<database>Unknown</database>
	</source>
	<size>
		<width>640</width>
		<height>480</height>
		<depth>3</depth>
	</size>
	<segmented>0</segmented>
	<object>
		<name>martelo</name>
		<pose>Unspecified</pose>
		<truncated>0</truncated>
		<difficult>0</difficult>
		<bndbox>
			<xmin>507</xmin>
			<ymin>44</ymin>
			<xmax>639</xmax>
			<ymax>149</ymax>
		</bndbox>
	</object>
</annotation>
