<annotation>
	<folder>hammer</folder>
	<filename>4955746757_2b93770def_z.jpg</filename>
	<path>C:\Users\rapha\Desktop\projetoTcc\hammer\4955746757_2b93770def_z.jpg</path>
	<source>
		<database>Unknown</database>
	</source>
	<size>
		<width>640</width>
		<height>427</height>
		<depth>1</depth>
	</size>
	<segmented>0</segmented>
	<object>
		<name>martelo</name>
		<pose>Unspecified</pose>
		<truncated>0</truncated>
		<difficult>0</difficult>
		<bndbox>
			<xmin>236</xmin>
			<ymin>133</ymin>
			<xmax>414</xmax>
			<ymax>354</ymax>
		</bndbox>
	</object>
</annotation>
