<annotation>
	<folder>hammer</folder>
	<filename>5015349481_c3f8f16209_z.jpg</filename>
	<path>C:\Users\rapha\Desktop\projetoTcc\hammer\5015349481_c3f8f16209_z.jpg</path>
	<source>
		<database>Unknown</database>
	</source>
	<size>
		<width>640</width>
		<height>480</height>
		<depth>3</depth>
	</size>
	<segmented>0</segmented>
	<object>
		<name>martelo</name>
		<pose>Unspecified</pose>
		<truncated>0</truncated>
		<difficult>0</difficult>
		<bndbox>
			<xmin>322</xmin>
			<ymin>39</ymin>
			<xmax>638</xmax>
			<ymax>224</ymax>
		</bndbox>
	</object>
</annotation>
