<annotation>
	<folder>hammer</folder>
	<filename>5015958106_43743b99f5_z.jpg</filename>
	<path>C:\Users\rapha\Desktop\projetoTcc\hammer\5015958106_43743b99f5_z.jpg</path>
	<source>
		<database>Unknown</database>
	</source>
	<size>
		<width>640</width>
		<height>480</height>
		<depth>3</depth>
	</size>
	<segmented>0</segmented>
	<object>
		<name>martelo</name>
		<pose>Unspecified</pose>
		<truncated>0</truncated>
		<difficult>0</difficult>
		<bndbox>
			<xmin>268</xmin>
			<ymin>107</ymin>
			<xmax>587</xmax>
			<ymax>250</ymax>
		</bndbox>
	</object>
</annotation>
