<annotation>
	<folder>hammer</folder>
	<filename>5075278861_d0c30ba906_z.jpg</filename>
	<path>C:\Users\rapha\Desktop\projetoTcc\hammer\5075278861_d0c30ba906_z.jpg</path>
	<source>
		<database>Unknown</database>
	</source>
	<size>
		<width>640</width>
		<height>480</height>
		<depth>3</depth>
	</size>
	<segmented>0</segmented>
	<object>
		<name>martelo</name>
		<pose>Unspecified</pose>
		<truncated>0</truncated>
		<difficult>0</difficult>
		<bndbox>
			<xmin>52</xmin>
			<ymin>55</ymin>
			<xmax>597</xmax>
			<ymax>367</ymax>
		</bndbox>
	</object>
</annotation>
