<annotation>
	<folder>hammer</folder>
	<filename>5127056547_7e9f55585b_z.jpg</filename>
	<path>C:\Users\rapha\Desktop\projetoTcc\hammer\5127056547_7e9f55585b_z.jpg</path>
	<source>
		<database>Unknown</database>
	</source>
	<size>
		<width>640</width>
		<height>480</height>
		<depth>3</depth>
	</size>
	<segmented>0</segmented>
	<object>
		<name>martelo</name>
		<pose>Unspecified</pose>
		<truncated>0</truncated>
		<difficult>0</difficult>
		<bndbox>
			<xmin>6</xmin>
			<ymin>154</ymin>
			<xmax>250</xmax>
			<ymax>284</ymax>
		</bndbox>
	</object>
</annotation>
