<annotation>
	<folder>hammer</folder>
	<filename>5189024771_a1f9d08717_z.jpg</filename>
	<path>C:\Users\rapha\Desktop\projetoTcc\hammer\5189024771_a1f9d08717_z.jpg</path>
	<source>
		<database>Unknown</database>
	</source>
	<size>
		<width>512</width>
		<height>512</height>
		<depth>3</depth>
	</size>
	<segmented>0</segmented>
	<object>
		<name>martelo</name>
		<pose>Unspecified</pose>
		<truncated>0</truncated>
		<difficult>0</difficult>
		<bndbox>
			<xmin>219</xmin>
			<ymin>33</ymin>
			<xmax>503</xmax>
			<ymax>460</ymax>
		</bndbox>
	</object>
</annotation>
