<annotation>
	<folder>hammer</folder>
	<filename>528634260_8b30edc8b6_z.jpg</filename>
	<path>C:\Users\rapha\Desktop\projetoTcc\hammer\528634260_8b30edc8b6_z.jpg</path>
	<source>
		<database>Unknown</database>
	</source>
	<size>
		<width>480</width>
		<height>640</height>
		<depth>3</depth>
	</size>
	<segmented>0</segmented>
	<object>
		<name>martelo</name>
		<pose>Unspecified</pose>
		<truncated>0</truncated>
		<difficult>0</difficult>
		<bndbox>
			<xmin>162</xmin>
			<ymin>192</ymin>
			<xmax>351</xmax>
			<ymax>440</ymax>
		</bndbox>
	</object>
</annotation>
