<annotation>
	<folder>hammer</folder>
	<filename>5312952051_2c588fdd3b_z.jpg</filename>
	<path>C:\Users\rapha\Desktop\projetoTcc\hammer\5312952051_2c588fdd3b_z.jpg</path>
	<source>
		<database>Unknown</database>
	</source>
	<size>
		<width>640</width>
		<height>427</height>
		<depth>3</depth>
	</size>
	<segmented>0</segmented>
	<object>
		<name>martelo</name>
		<pose>Unspecified</pose>
		<truncated>1</truncated>
		<difficult>0</difficult>
		<bndbox>
			<xmin>220</xmin>
			<ymin>49</ymin>
			<xmax>640</xmax>
			<ymax>370</ymax>
		</bndbox>
	</object>
</annotation>
