<annotation>
	<folder>hammer</folder>
	<filename>5317820857_d1f6a5b8a9_z.jpg</filename>
	<path>C:\Users\rapha\Desktop\projetoTcc\hammer\5317820857_d1f6a5b8a9_z.jpg</path>
	<source>
		<database>Unknown</database>
	</source>
	<size>
		<width>640</width>
		<height>424</height>
		<depth>3</depth>
	</size>
	<segmented>0</segmented>
	<object>
		<name>martelo</name>
		<pose>Unspecified</pose>
		<truncated>1</truncated>
		<difficult>0</difficult>
		<bndbox>
			<xmin>64</xmin>
			<ymin>25</ymin>
			<xmax>640</xmax>
			<ymax>244</ymax>
		</bndbox>
	</object>
</annotation>
