<annotation>
	<folder>hammer</folder>
	<filename>5352032279_6c1ce81a2e_z.jpg</filename>
	<path>C:\Users\rapha\Desktop\projetoTcc\hammer\5352032279_6c1ce81a2e_z.jpg</path>
	<source>
		<database>Unknown</database>
	</source>
	<size>
		<width>640</width>
		<height>427</height>
		<depth>3</depth>
	</size>
	<segmented>0</segmented>
	<object>
		<name>martelo</name>
		<pose>Unspecified</pose>
		<truncated>1</truncated>
		<difficult>0</difficult>
		<bndbox>
			<xmin>118</xmin>
			<ymin>108</ymin>
			<xmax>516</xmax>
			<ymax>427</ymax>
		</bndbox>
	</object>
</annotation>
