<annotation>
	<folder>hammer</folder>
	<filename>539633371_e96d41f6bf_z.jpg</filename>
	<path>C:\Users\rapha\Desktop\projetoTcc\hammer\539633371_e96d41f6bf_z.jpg</path>
	<source>
		<database>Unknown</database>
	</source>
	<size>
		<width>639</width>
		<height>457</height>
		<depth>3</depth>
	</size>
	<segmented>0</segmented>
	<object>
		<name>martelo</name>
		<pose>Unspecified</pose>
		<truncated>0</truncated>
		<difficult>0</difficult>
		<bndbox>
			<xmin>204</xmin>
			<ymin>39</ymin>
			<xmax>564</xmax>
			<ymax>362</ymax>
		</bndbox>
	</object>
</annotation>
