<annotation>
	<folder>hammer</folder>
	<filename>5609741886_6d97a43fe9_z.jpg</filename>
	<path>C:\Users\rapha\Desktop\projetoTcc\hammer\5609741886_6d97a43fe9_z.jpg</path>
	<source>
		<database>Unknown</database>
	</source>
	<size>
		<width>640</width>
		<height>426</height>
		<depth>3</depth>
	</size>
	<segmented>0</segmented>
	<object>
		<name>martelo</name>
		<pose>Unspecified</pose>
		<truncated>0</truncated>
		<difficult>0</difficult>
		<bndbox>
			<xmin>142</xmin>
			<ymin>74</ymin>
			<xmax>569</xmax>
			<ymax>315</ymax>
		</bndbox>
	</object>
</annotation>
