<annotation>
	<folder>hammer</folder>
	<filename>5666123017_4d1557e842_z.jpg</filename>
	<path>C:\Users\rapha\Desktop\projetoTcc\hammer\5666123017_4d1557e842_z.jpg</path>
	<source>
		<database>Unknown</database>
	</source>
	<size>
		<width>640</width>
		<height>528</height>
		<depth>3</depth>
	</size>
	<segmented>0</segmented>
	<object>
		<name>martelo</name>
		<pose>Unspecified</pose>
		<truncated>0</truncated>
		<difficult>0</difficult>
		<bndbox>
			<xmin>332</xmin>
			<ymin>48</ymin>
			<xmax>602</xmax>
			<ymax>394</ymax>
		</bndbox>
	</object>
</annotation>
