<annotation>
	<folder>hammer</folder>
	<filename>5749957175_5914c87dea_o.jpg</filename>
	<path>C:\Users\rapha\Desktop\projetoTcc\hammer\5749957175_5914c87dea_o.jpg</path>
	<source>
		<database>Unknown</database>
	</source>
	<size>
		<width>4928</width>
		<height>3264</height>
		<depth>3</depth>
	</size>
	<segmented>0</segmented>
	<object>
		<name>martelo</name>
		<pose>Unspecified</pose>
		<truncated>0</truncated>
		<difficult>0</difficult>
		<bndbox>
			<xmin>638</xmin>
			<ymin>359</ymin>
			<xmax>4283</xmax>
			<ymax>1838</ymax>
		</bndbox>
	</object>
</annotation>
