<annotation>
	<folder>hammer</folder>
	<filename>5857059425_5183928cca_o.jpg</filename>
	<path>C:\Users\rapha\Desktop\projetoTcc\hammer\5857059425_5183928cca_o.jpg</path>
	<source>
		<database>Unknown</database>
	</source>
	<size>
		<width>3264</width>
		<height>2448</height>
		<depth>3</depth>
	</size>
	<segmented>0</segmented>
	<object>
		<name>martelo</name>
		<pose>Unspecified</pose>
		<truncated>0</truncated>
		<difficult>0</difficult>
		<bndbox>
			<xmin>41</xmin>
			<ymin>271</ymin>
			<xmax>2046</xmax>
			<ymax>1121</ymax>
		</bndbox>
	</object>
</annotation>
