<annotation>
	<folder>hammer</folder>
	<filename>5905326305_4b52e7d8f4_z.jpg</filename>
	<path>C:\Users\rapha\Desktop\projetoTcc\hammer\5905326305_4b52e7d8f4_z.jpg</path>
	<source>
		<database>Unknown</database>
	</source>
	<size>
		<width>640</width>
		<height>480</height>
		<depth>3</depth>
	</size>
	<segmented>0</segmented>
	<object>
		<name>martelo</name>
		<pose>Unspecified</pose>
		<truncated>0</truncated>
		<difficult>0</difficult>
		<bndbox>
			<xmin>262</xmin>
			<ymin>189</ymin>
			<xmax>440</xmax>
			<ymax>370</ymax>
		</bndbox>
	</object>
</annotation>
