<annotation>
	<folder>hammer</folder>
	<filename>623222075_09a7014229_z.jpg</filename>
	<path>C:\Users\rapha\Desktop\projetoTcc\hammer\623222075_09a7014229_z.jpg</path>
	<source>
		<database>Unknown</database>
	</source>
	<size>
		<width>640</width>
		<height>480</height>
		<depth>3</depth>
	</size>
	<segmented>0</segmented>
	<object>
		<name>martelo</name>
		<pose>Unspecified</pose>
		<truncated>0</truncated>
		<difficult>0</difficult>
		<bndbox>
			<xmin>164</xmin>
			<ymin>45</ymin>
			<xmax>453</xmax>
			<ymax>458</ymax>
		</bndbox>
	</object>
</annotation>
