<annotation>
	<folder>hammer</folder>
	<filename>6342007657_43baa36ec9_z.jpg</filename>
	<path>C:\Users\rapha\Desktop\projetoTcc\hammer\6342007657_43baa36ec9_z.jpg</path>
	<source>
		<database>Unknown</database>
	</source>
	<size>
		<width>640</width>
		<height>438</height>
		<depth>3</depth>
	</size>
	<segmented>0</segmented>
	<object>
		<name>martelo</name>
		<pose>Unspecified</pose>
		<truncated>1</truncated>
		<difficult>0</difficult>
		<bndbox>
			<xmin>15</xmin>
			<ymin>37</ymin>
			<xmax>640</xmax>
			<ymax>399</ymax>
		</bndbox>
	</object>
</annotation>
