<annotation>
	<folder>hammer</folder>
	<filename>6342745960_a9299fb1c8_z.jpg</filename>
	<path>C:\Users\rapha\Desktop\projetoTcc\hammer\6342745960_a9299fb1c8_z.jpg</path>
	<source>
		<database>Unknown</database>
	</source>
	<size>
		<width>640</width>
		<height>438</height>
		<depth>3</depth>
	</size>
	<segmented>0</segmented>
	<object>
		<name>martelo</name>
		<pose>Unspecified</pose>
		<truncated>1</truncated>
		<difficult>0</difficult>
		<bndbox>
			<xmin>49</xmin>
			<ymin>8</ymin>
			<xmax>640</xmax>
			<ymax>231</ymax>
		</bndbox>
	</object>
	<object>
		<name>martelo</name>
		<pose>Unspecified</pose>
		<truncated>0</truncated>
		<difficult>0</difficult>
		<bndbox>
			<xmin>89</xmin>
			<ymin>184</ymin>
			<xmax>549</xmax>
			<ymax>347</ymax>
		</bndbox>
	</object>
	<object>
		<name>martelo</name>
		<pose>Unspecified</pose>
		<truncated>0</truncated>
		<difficult>0</difficult>
		<bndbox>
			<xmin>182</xmin>
			<ymin>289</ymin>
			<xmax>606</xmax>
			<ymax>430</ymax>
		</bndbox>
	</object>
</annotation>
