<annotation>
	<folder>hammer</folder>
	<filename>6342821536_be28017c2c_z.jpg</filename>
	<path>C:\Users\rapha\Desktop\projetoTcc\hammer\6342821536_be28017c2c_z.jpg</path>
	<source>
		<database>Unknown</database>
	</source>
	<size>
		<width>640</width>
		<height>480</height>
		<depth>3</depth>
	</size>
	<segmented>0</segmented>
	<object>
		<name>martelo</name>
		<pose>Unspecified</pose>
		<truncated>1</truncated>
		<difficult>0</difficult>
		<bndbox>
			<xmin>7</xmin>
			<ymin>202</ymin>
			<xmax>342</xmax>
			<ymax>480</ymax>
		</bndbox>
	</object>
	<object>
		<name>martelo</name>
		<pose>Unspecified</pose>
		<truncated>0</truncated>
		<difficult>0</difficult>
		<bndbox>
			<xmin>240</xmin>
			<ymin>219</ymin>
			<xmax>547</xmax>
			<ymax>479</ymax>
		</bndbox>
	</object>
	<object>
		<name>martelo</name>
		<pose>Unspecified</pose>
		<truncated>1</truncated>
		<difficult>0</difficult>
		<bndbox>
			<xmin>277</xmin>
			<ymin>11</ymin>
			<xmax>640</xmax>
			<ymax>405</ymax>
		</bndbox>
	</object>
</annotation>
