<annotation>
	<folder>hammer</folder>
	<filename>6342751402_25bef63472_z.jpg</filename>
	<path>C:\Users\rapha\Desktop\projetoTcc\hammer\6342751402_25bef63472_z.jpg</path>
	<source>
		<database>Unknown</database>
	</source>
	<size>
		<width>640</width>
		<height>433</height>
		<depth>3</depth>
	</size>
	<segmented>0</segmented>
	<object>
		<name>martelo</name>
		<pose>Unspecified</pose>
		<truncated>0</truncated>
		<difficult>0</difficult>
		<bndbox>
			<xmin>15</xmin>
			<ymin>16</ymin>
			<xmax>631</xmax>
			<ymax>233</ymax>
		</bndbox>
	</object>
	<object>
		<name>martelo</name>
		<pose>Unspecified</pose>
		<truncated>0</truncated>
		<difficult>0</difficult>
		<bndbox>
			<xmin>6</xmin>
			<ymin>160</ymin>
			<xmax>536</xmax>
			<ymax>310</ymax>
		</bndbox>
	</object>
	<object>
		<name>martelo</name>
		<pose>Unspecified</pose>
		<truncated>0</truncated>
		<difficult>0</difficult>
		<bndbox>
			<xmin>3</xmin>
			<ymin>274</ymin>
			<xmax>472</xmax>
			<ymax>412</ymax>
		</bndbox>
	</object>
</annotation>
