<annotation>
	<folder>hammer</folder>
	<filename>6371964415_ab30f7ce3b_z.jpg</filename>
	<path>C:\Users\rapha\Desktop\projetoTcc\hammer\6371964415_ab30f7ce3b_z.jpg</path>
	<source>
		<database>Unknown</database>
	</source>
	<size>
		<width>640</width>
		<height>452</height>
		<depth>1</depth>
	</size>
	<segmented>0</segmented>
	<object>
		<name>martelo</name>
		<pose>Unspecified</pose>
		<truncated>0</truncated>
		<difficult>0</difficult>
		<bndbox>
			<xmin>22</xmin>
			<ymin>109</ymin>
			<xmax>617</xmax>
			<ymax>325</ymax>
		</bndbox>
	</object>
</annotation>
