<annotation>
	<folder>hammer</folder>
	<filename>6430535711_5c9d527309_z.jpg</filename>
	<path>C:\Users\rapha\Desktop\projetoTcc\hammer\6430535711_5c9d527309_z.jpg</path>
	<source>
		<database>Unknown</database>
	</source>
	<size>
		<width>640</width>
		<height>427</height>
		<depth>3</depth>
	</size>
	<segmented>0</segmented>
	<object>
		<name>martelo</name>
		<pose>Unspecified</pose>
		<truncated>0</truncated>
		<difficult>0</difficult>
		<bndbox>
			<xmin>40</xmin>
			<ymin>38</ymin>
			<xmax>606</xmax>
			<ymax>387</ymax>
		</bndbox>
	</object>
</annotation>
