<annotation>
	<folder>hammer</folder>
	<filename>6730551443_bd02a09747_z.jpg</filename>
	<path>C:\Users\rapha\Desktop\projetoTcc\hammer\6730551443_bd02a09747_z.jpg</path>
	<source>
		<database>Unknown</database>
	</source>
	<size>
		<width>427</width>
		<height>640</height>
		<depth>3</depth>
	</size>
	<segmented>0</segmented>
	<object>
		<name>martelo</name>
		<pose>Unspecified</pose>
		<truncated>1</truncated>
		<difficult>0</difficult>
		<bndbox>
			<xmin>23</xmin>
			<ymin>58</ymin>
			<xmax>395</xmax>
			<ymax>640</ymax>
		</bndbox>
	</object>
</annotation>
