<annotation>
	<folder>hammer</folder>
	<filename>6908970206_13b60045c4_z.jpg</filename>
	<path>C:\Users\rapha\Desktop\projetoTcc\hammer\6908970206_13b60045c4_z.jpg</path>
	<source>
		<database>Unknown</database>
	</source>
	<size>
		<width>640</width>
		<height>480</height>
		<depth>3</depth>
	</size>
	<segmented>0</segmented>
	<object>
		<name>martelo</name>
		<pose>Unspecified</pose>
		<truncated>0</truncated>
		<difficult>0</difficult>
		<bndbox>
			<xmin>25</xmin>
			<ymin>42</ymin>
			<xmax>628</xmax>
			<ymax>368</ymax>
		</bndbox>
	</object>
</annotation>
