<annotation>
	<folder>hammer</folder>
	<filename>6949161718_b9feb423ef_z.jpg</filename>
	<path>C:\Users\rapha\Desktop\projetoTcc\hammer\6949161718_b9feb423ef_z.jpg</path>
	<source>
		<database>Unknown</database>
	</source>
	<size>
		<width>640</width>
		<height>478</height>
		<depth>3</depth>
	</size>
	<segmented>0</segmented>
	<object>
		<name>martelo</name>
		<pose>Unspecified</pose>
		<truncated>1</truncated>
		<difficult>0</difficult>
		<bndbox>
			<xmin>324</xmin>
			<ymin>56</ymin>
			<xmax>492</xmax>
			<ymax>478</ymax>
		</bndbox>
	</object>
</annotation>
