<annotation>
	<folder>hammer</folder>
	<filename>7409152840_86c894427f_z.jpg</filename>
	<path>C:\Users\rapha\Desktop\projetoTcc\hammer\7409152840_86c894427f_z.jpg</path>
	<source>
		<database>Unknown</database>
	</source>
	<size>
		<width>640</width>
		<height>480</height>
		<depth>3</depth>
	</size>
	<segmented>0</segmented>
	<object>
		<name>martelo</name>
		<pose>Unspecified</pose>
		<truncated>0</truncated>
		<difficult>0</difficult>
		<bndbox>
			<xmin>37</xmin>
			<ymin>185</ymin>
			<xmax>246</xmax>
			<ymax>462</ymax>
		</bndbox>
	</object>
</annotation>
