<annotation>
	<folder>hammer</folder>
	<filename>8182794452_4f382ea74e_z.jpg</filename>
	<path>C:\Users\rapha\Desktop\projetoTcc\hammer\8182794452_4f382ea74e_z.jpg</path>
	<source>
		<database>Unknown</database>
	</source>
	<size>
		<width>640</width>
		<height>474</height>
		<depth>3</depth>
	</size>
	<segmented>0</segmented>
	<object>
		<name>martelo</name>
		<pose>Unspecified</pose>
		<truncated>0</truncated>
		<difficult>0</difficult>
		<bndbox>
			<xmin>182</xmin>
			<ymin>7</ymin>
			<xmax>619</xmax>
			<ymax>316</ymax>
		</bndbox>
	</object>
</annotation>
