<annotation>
	<folder>hammer</folder>
	<filename>8369402627_68e402d112_z.jpg</filename>
	<path>C:\Users\rapha\Desktop\projetoTcc\hammer\8369402627_68e402d112_z.jpg</path>
	<source>
		<database>Unknown</database>
	</source>
	<size>
		<width>640</width>
		<height>480</height>
		<depth>3</depth>
	</size>
	<segmented>0</segmented>
	<object>
		<name>martelo</name>
		<pose>Unspecified</pose>
		<truncated>0</truncated>
		<difficult>0</difficult>
		<bndbox>
			<xmin>190</xmin>
			<ymin>173</ymin>
			<xmax>280</xmax>
			<ymax>410</ymax>
		</bndbox>
	</object>
</annotation>
