<annotation>
	<folder>hammer</folder>
	<filename>8559722063_d78cba51bc_z.jpg</filename>
	<path>C:\Users\rapha\Desktop\projetoTcc\hammer\8559722063_d78cba51bc_z.jpg</path>
	<source>
		<database>Unknown</database>
	</source>
	<size>
		<width>640</width>
		<height>414</height>
		<depth>3</depth>
	</size>
	<segmented>0</segmented>
	<object>
		<name>martelo</name>
		<pose>Unspecified</pose>
		<truncated>0</truncated>
		<difficult>0</difficult>
		<bndbox>
			<xmin>79</xmin>
			<ymin>42</ymin>
			<xmax>530</xmax>
			<ymax>404</ymax>
		</bndbox>
	</object>
</annotation>
