<annotation>
	<folder>hammer</folder>
	<filename>90527463_55da03be24_z.jpg</filename>
	<path>C:\Users\rapha\Desktop\projetoTcc\hammer\90527463_55da03be24_z.jpg</path>
	<source>
		<database>Unknown</database>
	</source>
	<size>
		<width>640</width>
		<height>480</height>
		<depth>3</depth>
	</size>
	<segmented>0</segmented>
	<object>
		<name>martelo</name>
		<pose>Unspecified</pose>
		<truncated>0</truncated>
		<difficult>0</difficult>
		<bndbox>
			<xmin>48</xmin>
			<ymin>37</ymin>
			<xmax>592</xmax>
			<ymax>419</ymax>
		</bndbox>
	</object>
</annotation>
