<annotation>
	<folder>hammer</folder>
	<filename>9530113595_907e63b28a_z.jpg</filename>
	<path>C:\Users\rapha\Desktop\projetoTcc\hammer\9530113595_907e63b28a_z.jpg</path>
	<source>
		<database>Unknown</database>
	</source>
	<size>
		<width>639</width>
		<height>428</height>
		<depth>3</depth>
	</size>
	<segmented>0</segmented>
	<object>
		<name>martelo</name>
		<pose>Unspecified</pose>
		<truncated>0</truncated>
		<difficult>0</difficult>
		<bndbox>
			<xmin>135</xmin>
			<ymin>232</ymin>
			<xmax>459</xmax>
			<ymax>333</ymax>
		</bndbox>
	</object>
</annotation>
