<annotation>
	<folder>hammer</folder>
	<filename>9532892854_8519c83cfa_z.jpg</filename>
	<path>C:\Users\rapha\Desktop\projetoTcc\hammer\9532892854_8519c83cfa_z.jpg</path>
	<source>
		<database>Unknown</database>
	</source>
	<size>
		<width>639</width>
		<height>428</height>
		<depth>3</depth>
	</size>
	<segmented>0</segmented>
	<object>
		<name>martelo</name>
		<pose>Unspecified</pose>
		<truncated>0</truncated>
		<difficult>0</difficult>
		<bndbox>
			<xmin>139</xmin>
			<ymin>28</ymin>
			<xmax>564</xmax>
			<ymax>221</ymax>
		</bndbox>
	</object>
</annotation>
