<annotation>
	<folder>screwdrive</folder>
	<filename>10668631336_714fb3698e_z.jpg</filename>
	<path>C:\Users\rapha\Desktop\projetoTcc\screwdrive\10668631336_714fb3698e_z.jpg</path>
	<source>
		<database>Unknown</database>
	</source>
	<size>
		<width>640</width>
		<height>315</height>
		<depth>3</depth>
	</size>
	<segmented>0</segmented>
	<object>
		<name>screwdriver</name>
		<pose>Unspecified</pose>
		<truncated>0</truncated>
		<difficult>0</difficult>
		<bndbox>
			<xmin>107</xmin>
			<ymin>64</ymin>
			<xmax>535</xmax>
			<ymax>255</ymax>
		</bndbox>
	</object>
</annotation>
