<annotation>
	<folder>screwdrive</folder>
	<filename>1137525951_f55b2f030f_z.jpg</filename>
	<path>C:\Users\rapha\Desktop\projetoTcc\screwdrive\1137525951_f55b2f030f_z.jpg</path>
	<source>
		<database>Unknown</database>
	</source>
	<size>
		<width>640</width>
		<height>480</height>
		<depth>3</depth>
	</size>
	<segmented>0</segmented>
	<object>
		<name>screwdriver</name>
		<pose>Unspecified</pose>
		<truncated>0</truncated>
		<difficult>0</difficult>
		<bndbox>
			<xmin>7</xmin>
			<ymin>63</ymin>
			<xmax>281</xmax>
			<ymax>433</ymax>
		</bndbox>
	</object>
	<object>
		<name>screwdriver</name>
		<pose>Unspecified</pose>
		<truncated>0</truncated>
		<difficult>0</difficult>
		<bndbox>
			<xmin>426</xmin>
			<ymin>109</ymin>
			<xmax>525</xmax>
			<ymax>407</ymax>
		</bndbox>
	</object>
</annotation>
