<annotation>
	<folder>screwdrive</folder>
	<filename>13763245314_be4f0a0df3_z.jpg</filename>
	<path>C:\Users\rapha\Desktop\projetoTcc\screwdrive\13763245314_be4f0a0df3_z.jpg</path>
	<source>
		<database>Unknown</database>
	</source>
	<size>
		<width>640</width>
		<height>427</height>
		<depth>3</depth>
	</size>
	<segmented>0</segmented>
	<object>
		<name>screwdriver</name>
		<pose>Unspecified</pose>
		<truncated>0</truncated>
		<difficult>0</difficult>
		<bndbox>
			<xmin>220</xmin>
			<ymin>99</ymin>
			<xmax>266</xmax>
			<ymax>377</ymax>
		</bndbox>
	</object>
	<object>
		<name>screwdriver</name>
		<pose>Unspecified</pose>
		<truncated>0</truncated>
		<difficult>0</difficult>
		<bndbox>
			<xmin>271</xmin>
			<ymin>97</ymin>
			<xmax>322</xmax>
			<ymax>374</ymax>
		</bndbox>
	</object>
	<object>
		<name>screwdriver</name>
		<pose>Unspecified</pose>
		<truncated>0</truncated>
		<difficult>0</difficult>
		<bndbox>
			<xmin>325</xmin>
			<ymin>91</ymin>
			<xmax>377</xmax>
			<ymax>381</ymax>
		</bndbox>
	</object>
	<object>
		<name>screwdriver</name>
		<pose>Unspecified</pose>
		<truncated>0</truncated>
		<difficult>0</difficult>
		<bndbox>
			<xmin>380</xmin>
			<ymin>134</ymin>
			<xmax>439</xmax>
			<ymax>385</ymax>
		</bndbox>
	</object>
</annotation>
