<annotation>
	<folder>screwdrive</folder>
	<filename>14745914426_d868204c9f_z.jpg</filename>
	<path>C:\Users\rapha\Desktop\projetoTcc\screwdrive\14745914426_d868204c9f_z.jpg</path>
	<source>
		<database>Unknown</database>
	</source>
	<size>
		<width>640</width>
		<height>429</height>
		<depth>3</depth>
	</size>
	<segmented>0</segmented>
	<object>
		<name>screwdriver</name>
		<pose>Unspecified</pose>
		<truncated>1</truncated>
		<difficult>0</difficult>
		<bndbox>
			<xmin>210</xmin>
			<ymin>173</ymin>
			<xmax>639</xmax>
			<ymax>429</ymax>
		</bndbox>
	</object>
</annotation>
