<annotation>
	<folder>screwdrive</folder>
	<filename>15676855185_433e4d7701_z.jpg</filename>
	<path>C:\Users\rapha\Desktop\projetoTcc\screwdrive\15676855185_433e4d7701_z.jpg</path>
	<source>
		<database>Unknown</database>
	</source>
	<size>
		<width>640</width>
		<height>471</height>
		<depth>3</depth>
	</size>
	<segmented>0</segmented>
	<object>
		<name>screwdriver</name>
		<pose>Unspecified</pose>
		<truncated>0</truncated>
		<difficult>0</difficult>
		<bndbox>
			<xmin>400</xmin>
			<ymin>255</ymin>
			<xmax>580</xmax>
			<ymax>367</ymax>
		</bndbox>
	</object>
</annotation>
