<annotation>
	<folder>screwdrive</folder>
	<filename>16820420280_e105b84243_z.jpg</filename>
	<path>C:\Users\rapha\Desktop\projetoTcc\screwdrive\16820420280_e105b84243_z.jpg</path>
	<source>
		<database>Unknown</database>
	</source>
	<size>
		<width>640</width>
		<height>640</height>
		<depth>3</depth>
	</size>
	<segmented>0</segmented>
	<object>
		<name>screwdriver</name>
		<pose>Unspecified</pose>
		<truncated>0</truncated>
		<difficult>0</difficult>
		<bndbox>
			<xmin>15</xmin>
			<ymin>86</ymin>
			<xmax>621</xmax>
			<ymax>550</ymax>
		</bndbox>
	</object>
</annotation>
