<annotation>
	<folder>screwdrive</folder>
	<filename>207487139_fa1ac4865f_z.jpg</filename>
	<path>C:\Users\rapha\Desktop\projetoTcc\screwdrive\207487139_fa1ac4865f_z.jpg</path>
	<source>
		<database>Unknown</database>
	</source>
	<size>
		<width>640</width>
		<height>425</height>
		<depth>3</depth>
	</size>
	<segmented>0</segmented>
	<object>
		<name>screwdriver</name>
		<pose>Unspecified</pose>
		<truncated>0</truncated>
		<difficult>0</difficult>
		<bndbox>
			<xmin>377</xmin>
			<ymin>82</ymin>
			<xmax>564</xmax>
			<ymax>153</ymax>
		</bndbox>
	</object>
</annotation>
