<annotation>
	<folder>screwdrive</folder>
	<filename>27120467_6c186cfc2b_z.jpg</filename>
	<path>C:\Users\rapha\Desktop\projetoTcc\screwdrive\27120467_6c186cfc2b_z.jpg</path>
	<source>
		<database>Unknown</database>
	</source>
	<size>
		<width>640</width>
		<height>480</height>
		<depth>3</depth>
	</size>
	<segmented>0</segmented>
	<object>
		<name>screwdriver</name>
		<pose>Unspecified</pose>
		<truncated>0</truncated>
		<difficult>0</difficult>
		<bndbox>
			<xmin>322</xmin>
			<ymin>77</ymin>
			<xmax>382</xmax>
			<ymax>421</ymax>
		</bndbox>
	</object>
</annotation>
