<annotation>
	<folder>screwdrive</folder>
	<filename>2755337747_a4f3ba9e11_z.jpg</filename>
	<path>C:\Users\rapha\Desktop\projetoTcc\screwdrive\2755337747_a4f3ba9e11_z.jpg</path>
	<source>
		<database>Unknown</database>
	</source>
	<size>
		<width>640</width>
		<height>480</height>
		<depth>3</depth>
	</size>
	<segmented>0</segmented>
	<object>
		<name>screwdriver</name>
		<pose>Unspecified</pose>
		<truncated>0</truncated>
		<difficult>0</difficult>
		<bndbox>
			<xmin>230</xmin>
			<ymin>134</ymin>
			<xmax>466</xmax>
			<ymax>308</ymax>
		</bndbox>
	</object>
</annotation>
