<annotation>
	<folder>screwdrive</folder>
	<filename>2889016459_cff1a3712c_z.jpg</filename>
	<path>C:\Users\rapha\Desktop\projetoTcc\screwdrive\2889016459_cff1a3712c_z.jpg</path>
	<source>
		<database>Unknown</database>
	</source>
	<size>
		<width>640</width>
		<height>480</height>
		<depth>3</depth>
	</size>
	<segmented>0</segmented>
	<object>
		<name>screwdriver</name>
		<pose>Unspecified</pose>
		<truncated>0</truncated>
		<difficult>0</difficult>
		<bndbox>
			<xmin>48</xmin>
			<ymin>330</ymin>
			<xmax>346</xmax>
			<ymax>436</ymax>
		</bndbox>
	</object>
	<object>
		<name>screwdriver</name>
		<pose>Unspecified</pose>
		<truncated>0</truncated>
		<difficult>0</difficult>
		<bndbox>
			<xmin>40</xmin>
			<ymin>359</ymin>
			<xmax>452</xmax>
			<ymax>472</ymax>
		</bndbox>
	</object>
</annotation>
