<annotation>
	<folder>screwdrive</folder>
	<filename>4131812672_c6bb4966f6_z.jpg</filename>
	<path>C:\Users\rapha\Desktop\projetoTcc\screwdrive\4131812672_c6bb4966f6_z.jpg</path>
	<source>
		<database>Unknown</database>
	</source>
	<size>
		<width>640</width>
		<height>513</height>
		<depth>3</depth>
	</size>
	<segmented>0</segmented>
	<object>
		<name>screwdriver</name>
		<pose>Unspecified</pose>
		<truncated>1</truncated>
		<difficult>0</difficult>
		<bndbox>
			<xmin>45</xmin>
			<ymin>1</ymin>
			<xmax>637</xmax>
			<ymax>462</ymax>
		</bndbox>
	</object>
</annotation>
