<annotation>
	<folder>screwdrive</folder>
	<filename>4165539704_47560bcd1c_z.jpg</filename>
	<path>C:\Users\rapha\Desktop\projetoTcc\screwdrive\4165539704_47560bcd1c_z.jpg</path>
	<source>
		<database>Unknown</database>
	</source>
	<size>
		<width>640</width>
		<height>480</height>
		<depth>3</depth>
	</size>
	<segmented>0</segmented>
	<object>
		<name>screwdriver</name>
		<pose>Unspecified</pose>
		<truncated>0</truncated>
		<difficult>0</difficult>
		<bndbox>
			<xmin>20</xmin>
			<ymin>95</ymin>
			<xmax>626</xmax>
			<ymax>187</ymax>
		</bndbox>
	</object>
</annotation>
