<annotation>
	<folder>screwdrive</folder>
	<filename>4214796335_0e49d07766_z.jpg</filename>
	<path>C:\Users\rapha\Desktop\projetoTcc\screwdrive\4214796335_0e49d07766_z.jpg</path>
	<source>
		<database>Unknown</database>
	</source>
	<size>
		<width>640</width>
		<height>427</height>
		<depth>3</depth>
	</size>
	<segmented>0</segmented>
	<object>
		<name>screwdriver</name>
		<pose>Unspecified</pose>
		<truncated>1</truncated>
		<difficult>0</difficult>
		<bndbox>
			<xmin>264</xmin>
			<ymin>150</ymin>
			<xmax>640</xmax>
			<ymax>256</ymax>
		</bndbox>
	</object>
</annotation>
