<annotation>
	<folder>screwdrive</folder>
	<filename>4600015723_50f6483a37_z.jpg</filename>
	<path>C:\Users\rapha\Desktop\projetoTcc\screwdrive\4600015723_50f6483a37_z.jpg</path>
	<source>
		<database>Unknown</database>
	</source>
	<size>
		<width>639</width>
		<height>428</height>
		<depth>3</depth>
	</size>
	<segmented>0</segmented>
	<object>
		<name>screwdriver</name>
		<pose>Unspecified</pose>
		<truncated>0</truncated>
		<difficult>0</difficult>
		<bndbox>
			<xmin>81</xmin>
			<ymin>109</ymin>
			<xmax>142</xmax>
			<ymax>344</ymax>
		</bndbox>
	</object>
</annotation>
