<annotation>
	<folder>screwdrive</folder>
	<filename>4729399991_7414a9afbd_z.jpg</filename>
	<path>C:\Users\rapha\Desktop\projetoTcc\screwdrive\4729399991_7414a9afbd_z.jpg</path>
	<source>
		<database>Unknown</database>
	</source>
	<size>
		<width>639</width>
		<height>428</height>
		<depth>3</depth>
	</size>
	<segmented>0</segmented>
	<object>
		<name>screwdriver</name>
		<pose>Unspecified</pose>
		<truncated>0</truncated>
		<difficult>0</difficult>
		<bndbox>
			<xmin>40</xmin>
			<ymin>6</ymin>
			<xmax>570</xmax>
			<ymax>363</ymax>
		</bndbox>
	</object>
</annotation>
