<annotation>
	<folder>screwdrive</folder>
	<filename>5599244731_5b6cb61384_z.jpg</filename>
	<path>C:\Users\rapha\Desktop\projetoTcc\screwdrive\5599244731_5b6cb61384_z.jpg</path>
	<source>
		<database>Unknown</database>
	</source>
	<size>
		<width>640</width>
		<height>427</height>
		<depth>3</depth>
	</size>
	<segmented>0</segmented>
	<object>
		<name>screwdriver</name>
		<pose>Unspecified</pose>
		<truncated>0</truncated>
		<difficult>0</difficult>
		<bndbox>
			<xmin>52</xmin>
			<ymin>122</ymin>
			<xmax>504</xmax>
			<ymax>271</ymax>
		</bndbox>
	</object>
</annotation>
