<annotation>
	<folder>screwdrive</folder>
	<filename>5618853658_3d8d535976_z.jpg</filename>
	<path>C:\Users\rapha\Desktop\projetoTcc\screwdrive\5618853658_3d8d535976_z.jpg</path>
	<source>
		<database>Unknown</database>
	</source>
	<size>
		<width>480</width>
		<height>639</height>
		<depth>3</depth>
	</size>
	<segmented>0</segmented>
	<object>
		<name>screwdriver</name>
		<pose>Unspecified</pose>
		<truncated>0</truncated>
		<difficult>0</difficult>
		<bndbox>
			<xmin>96</xmin>
			<ymin>83</ymin>
			<xmax>166</xmax>
			<ymax>546</ymax>
		</bndbox>
	</object>
</annotation>
