<annotation>
	<folder>screwdrive</folder>
	<filename>5930282564_e981e43440_z.jpg</filename>
	<path>C:\Users\rapha\Desktop\projetoTcc\screwdrive\5930282564_e981e43440_z.jpg</path>
	<source>
		<database>Unknown</database>
	</source>
	<size>
		<width>640</width>
		<height>427</height>
		<depth>3</depth>
	</size>
	<segmented>0</segmented>
	<object>
		<name>screwdriver</name>
		<pose>Unspecified</pose>
		<truncated>0</truncated>
		<difficult>0</difficult>
		<bndbox>
			<xmin>121</xmin>
			<ymin>162</ymin>
			<xmax>575</xmax>
			<ymax>367</ymax>
		</bndbox>
	</object>
	<object>
		<name>screwdriver</name>
		<pose>Unspecified</pose>
		<truncated>0</truncated>
		<difficult>0</difficult>
		<bndbox>
			<xmin>69</xmin>
			<ymin>87</ymin>
			<xmax>554</xmax>
			<ymax>281</ymax>
		</bndbox>
	</object>
</annotation>
