<annotation>
	<folder>screwdrive</folder>
	<filename>6192223027_c9c331e7b1_z.jpg</filename>
	<path>C:\Users\rapha\Desktop\projetoTcc\screwdrive\6192223027_c9c331e7b1_z.jpg</path>
	<source>
		<database>Unknown</database>
	</source>
	<size>
		<width>640</width>
		<height>480</height>
		<depth>3</depth>
	</size>
	<segmented>0</segmented>
	<object>
		<name>screwdriver</name>
		<pose>Unspecified</pose>
		<truncated>0</truncated>
		<difficult>0</difficult>
		<bndbox>
			<xmin>113</xmin>
			<ymin>184</ymin>
			<xmax>404</xmax>
			<ymax>387</ymax>
		</bndbox>
	</object>
	<object>
		<name>screwdriver</name>
		<pose>Unspecified</pose>
		<truncated>0</truncated>
		<difficult>0</difficult>
		<bndbox>
			<xmin>390</xmin>
			<ymin>69</ymin>
			<xmax>447</xmax>
			<ymax>370</ymax>
		</bndbox>
	</object>
	<object>
		<name>screwdriver</name>
		<pose>Unspecified</pose>
		<truncated>0</truncated>
		<difficult>0</difficult>
		<bndbox>
			<xmin>435</xmin>
			<ymin>76</ymin>
			<xmax>471</xmax>
			<ymax>390</ymax>
		</bndbox>
	</object>
</annotation>
