<annotation>
	<folder>screwdrive</folder>
	<filename>6807351262_eac751e93d_z.jpg</filename>
	<path>C:\Users\rapha\Desktop\projetoTcc\screwdrive\6807351262_eac751e93d_z.jpg</path>
	<source>
		<database>Unknown</database>
	</source>
	<size>
		<width>640</width>
		<height>427</height>
		<depth>3</depth>
	</size>
	<segmented>0</segmented>
	<object>
		<name>screwdriver</name>
		<pose>Unspecified</pose>
		<truncated>0</truncated>
		<difficult>0</difficult>
		<bndbox>
			<xmin>3</xmin>
			<ymin>97</ymin>
			<xmax>559</xmax>
			<ymax>255</ymax>
		</bndbox>
	</object>
</annotation>
