<annotation>
	<folder>screwdrive</folder>
	<filename>6893023848_4ec75911a3_z.jpg</filename>
	<path>C:\Users\rapha\Desktop\projetoTcc\screwdrive\6893023848_4ec75911a3_z.jpg</path>
	<source>
		<database>Unknown</database>
	</source>
	<size>
		<width>640</width>
		<height>480</height>
		<depth>3</depth>
	</size>
	<segmented>0</segmented>
	<object>
		<name>screwdriver</name>
		<pose>Unspecified</pose>
		<truncated>0</truncated>
		<difficult>0</difficult>
		<bndbox>
			<xmin>103</xmin>
			<ymin>113</ymin>
			<xmax>554</xmax>
			<ymax>293</ymax>
		</bndbox>
	</object>
</annotation>
