<annotation>
	<folder>screwdrive</folder>
	<filename>6971783394_065d65a65a_z.jpg</filename>
	<path>C:\Users\rapha\Desktop\projetoTcc\screwdrive\6971783394_065d65a65a_z.jpg</path>
	<source>
		<database>Unknown</database>
	</source>
	<size>
		<width>640</width>
		<height>429</height>
		<depth>3</depth>
	</size>
	<segmented>0</segmented>
	<object>
		<name>screwdriver</name>
		<pose>Unspecified</pose>
		<truncated>0</truncated>
		<difficult>0</difficult>
		<bndbox>
			<xmin>112</xmin>
			<ymin>165</ymin>
			<xmax>542</xmax>
			<ymax>267</ymax>
		</bndbox>
	</object>
</annotation>
