<annotation>
	<folder>screwdrive</folder>
	<filename>7539142020_44a1691942_z.jpg</filename>
	<path>C:\Users\rapha\Desktop\projetoTcc\screwdrive\7539142020_44a1691942_z.jpg</path>
	<source>
		<database>Unknown</database>
	</source>
	<size>
		<width>640</width>
		<height>427</height>
		<depth>3</depth>
	</size>
	<segmented>0</segmented>
	<object>
		<name>screwdriver</name>
		<pose>Unspecified</pose>
		<truncated>1</truncated>
		<difficult>0</difficult>
		<bndbox>
			<xmin>97</xmin>
			<ymin>7</ymin>
			<xmax>640</xmax>
			<ymax>397</ymax>
		</bndbox>
	</object>
</annotation>
