<annotation>
	<folder>screwdrive</folder>
	<filename>8559735387_02bf1439cb_z.jpg</filename>
	<path>C:\Users\rapha\Desktop\projetoTcc\screwdrive\8559735387_02bf1439cb_z.jpg</path>
	<source>
		<database>Unknown</database>
	</source>
	<size>
		<width>640</width>
		<height>341</height>
		<depth>3</depth>
	</size>
	<segmented>0</segmented>
	<object>
		<name>screwdriver</name>
		<pose>Unspecified</pose>
		<truncated>0</truncated>
		<difficult>0</difficult>
		<bndbox>
			<xmin>67</xmin>
			<ymin>20</ymin>
			<xmax>594</xmax>
			<ymax>171</ymax>
		</bndbox>
	</object>
	<object>
		<name>screwdriver</name>
		<pose>Unspecified</pose>
		<truncated>1</truncated>
		<difficult>0</difficult>
		<bndbox>
			<xmin>15</xmin>
			<ymin>101</ymin>
			<xmax>640</xmax>
			<ymax>259</ymax>
		</bndbox>
	</object>
	<object>
		<name>screwdriver</name>
		<pose>Unspecified</pose>
		<truncated>0</truncated>
		<difficult>0</difficult>
		<bndbox>
			<xmin>179</xmin>
			<ymin>221</ymin>
			<xmax>514</xmax>
			<ymax>310</ymax>
		</bndbox>
	</object>
</annotation>
