<annotation>
	<folder>screwdrive</folder>
	<filename>9082278236_6514cecddc_z.jpg</filename>
	<path>C:\Users\rapha\Desktop\projetoTcc\screwdrive\9082278236_6514cecddc_z.jpg</path>
	<source>
		<database>Unknown</database>
	</source>
	<size>
		<width>640</width>
		<height>491</height>
		<depth>3</depth>
	</size>
	<segmented>0</segmented>
	<object>
		<name>screwdriver</name>
		<pose>Unspecified</pose>
		<truncated>0</truncated>
		<difficult>0</difficult>
		<bndbox>
			<xmin>317</xmin>
			<ymin>76</ymin>
			<xmax>383</xmax>
			<ymax>396</ymax>
		</bndbox>
	</object>
	<object>
		<name>screwdriver</name>
		<pose>Unspecified</pose>
		<truncated>0</truncated>
		<difficult>0</difficult>
		<bndbox>
			<xmin>478</xmin>
			<ymin>132</ymin>
			<xmax>569</xmax>
			<ymax>317</ymax>
		</bndbox>
	</object>
</annotation>
