<annotation>
	<folder>screwdrive</folder>
	<filename>9277812015_16910ba1db_z.jpg</filename>
	<path>C:\Users\rapha\Desktop\projetoTcc\screwdrive\9277812015_16910ba1db_z.jpg</path>
	<source>
		<database>Unknown</database>
	</source>
	<size>
		<width>640</width>
		<height>421</height>
		<depth>3</depth>
	</size>
	<segmented>0</segmented>
	<object>
		<name>screwdriver</name>
		<pose>Unspecified</pose>
		<truncated>0</truncated>
		<difficult>0</difficult>
		<bndbox>
			<xmin>169</xmin>
			<ymin>189</ymin>
			<xmax>194</xmax>
			<ymax>382</ymax>
		</bndbox>
	</object>
</annotation>
